KELOMPOK,KODE,KETERANGAN,ID_BAHAN,KOEFISIEN
b. Upah,SNI-A.6.13,LANTAI 1,L.008,6.667
b. Upah,SNI-A.6.13,LANTAI 1,L.010,0.333
b. Upah,SNI-A.6.14,LANTAI 1,L.008,6.667
b. Upah,SNI-A.6.14,LANTAI 1,L.010,0.033
b. Upah,SNI-B.6.1,LANTAI 1,L.008,0.4
b. Upah,SNI-B.6.1,LANTAI 1,L.010,0.04
b. Upah,SNI-B.6.2,LANTAI 1,L.010,0.052
b. Upah,SNI-B.6.2,LANTAI 1,L.008,0.526
b. Upah,SNI-B.6.3,LANTAI 1,L.010,0.073
b. Upah,SNI-B.6.3,LANTAI 1,L.008,0.735
b. Upah,SNI-B.6.4,LANTAI 1,L.010,0.062
b. Upah,SNI-B.6.4,LANTAI 1,L.008,0.625
b. Upah,SNI-B.6.10,LANTAI 1,L.008,0.5
b. Upah,SNI-B.6.10,LANTAI 1,L.010,0.05
b. Upah,SNI-B.6.7,LANTAI 1,L.008,0.05
b. Upah,SNI-B.6.7,LANTAI 1,L.010,0.005
b. Upah,SNI-B.6.8,LANTAI 1,L.008,0.516
b. Upah,SNI-B.6.8,LANTAI 1,L.010,0.05
b. Upah,SNI-B.6.9,LANTAI 1,L.008,0.192
b. Upah,SNI-B.6.9,LANTAI 1,L.010,0.019
a. Bahan,SNI-B.6.11,LANTAI 1,M.001b,1.2
b. Upah,SNI-B.6.11,LANTAI 1,L.008,0.3
b. Upah,SNI-B.6.11,LANTAI 1,L.010,0.01
a. Bahan,SNI-B.6.14,LANTAI 1,M.001o,1.2
b. Upah,SNI-B.6.14,LANTAI 1,L.008,0.15
b. Upah,SNI-B.6.14,LANTAI 1,L.010,0.015
a. Bahan,SNI-B.6.15,LANTAI 1,M.001e,1.2
b. Upah,SNI-B.6.15,LANTAI 1,L.008,0.25
b. Upah,SNI-B.6.15,LANTAI 1,L.010,0.025
a. Bahan,SNI-C.6.5,LANTAI 1,M.001f1,1.1
a. Bahan,SNI-C.6.5,LANTAI 1,M.002a,163
a. Bahan,SNI-C.6.5,LANTAI 1,M.001a,0.52
b. Upah,SNI-C.6.5,LANTAI 1,L.008,1.5
b. Upah,SNI-C.6.5,LANTAI 1,L.001,0.6
b. Upah,SNI-C.6.5,LANTAI 1,L.007,0.06
b. Upah,SNI-C.6.5,LANTAI 1,L.010,0.075
b. Upah,SNI-C.6.12,LANTAI 1,L.010,0.075
b. Upah,SNI-C.6.12,LANTAI 1,L.007,0.06
b. Upah,SNI-C.6.12,LANTAI 1,L.001,0.6
b. Upah,SNI-C.6.12,LANTAI 1,L.008,1.5
a. Bahan,SNI-C.6.12,LANTAI 1,M.001a,0.492
a. Bahan,SNI-C.6.12,LANTAI 1,M.002a,61
a. Bahan,SNI-C.6.12,LANTAI 1,M.001f1,1.1
b. Upah,SNI-C.6.6,LANTAI 1,L.010,0.075
b. Upah,SNI-C.6.6,LANTAI 1,L.007,0.06
b. Upah,SNI-C.6.6,LANTAI 1,L.001,0.6
b. Upah,SNI-C.6.6,LANTAI 1,L.008,1.5
a. Bahan,SNI-C.6.6,LANTAI 1,M.001a,0.544
a. Bahan,SNI-C.6.6,LANTAI 1,M.002a,136
a. Bahan,SNI-C.6.6,LANTAI 1,M.001f1,1.1
a. Bahan,SNI-C.6.12,LANTAI 1,M.001d,0.147
a. Bahan,SNI-C.6.14,LANTAI 1,M.001f1,1.2
a. Bahan,SNI-C.6.14,LANTAI 1,M.001b,0.3
b. Upah,SNI-C.6.14,LANTAI 1,L.008,0.78
b. Upah,SNI-C.6.14,LANTAI 1,L.001,0.39
b. Upah,SNI-C.6.14,LANTAI 1,L.007,0.039
b. Upah,SNI-C.6.14,LANTAI 1,L.010,0.039
a. Bahan,SNI-D.6.3,LANTAI 1,M.001j,140
a. Bahan,SNI-D.6.3,LANTAI 1,M.002a,32.95
a. Bahan,SNI-D.6.3,LANTAI 1,M.001a,0.091
b. Upah,SNI-D.6.3,LANTAI 1,L.008,0.65
b. Upah,SNI-D.6.3,LANTAI 1,L.001,0.2
b. Upah,SNI-D.6.3,LANTAI 1,L.007,0.02
b. Upah,SNI-D.6.3,LANTAI 1,L.010,0.03
b. Upah,SNI-D.6.10,LANTAI 1,L.010,0.015
b. Upah,SNI-D.6.10,LANTAI 1,L.007,0.01
b. Upah,SNI-D.6.10,LANTAI 1,L.001,0.1
b. Upah,SNI-D.6.10,LANTAI 1,L.008,0.32
a. Bahan,SNI-D.6.10,LANTAI 1,M.001a,0.04
a. Bahan,SNI-D.6.10,LANTAI 1,M.002a,14.37
a. Bahan,SNI-D.6.10,LANTAI 1,M.001j,70
b. Upah,SNI-D.6.12,LANTAI 1,L.010,0.015
b. Upah,SNI-D.6.12,LANTAI 1,L.007,0.01
b. Upah,SNI-D.6.12,LANTAI 1,L.001,0.1
b. Upah,SNI-D.6.12,LANTAI 1,L.008,0.32
a. Bahan,SNI-D.6.12,LANTAI 1,M.001a,0.045
a. Bahan,SNI-D.6.12,LANTAI 1,M.002a,9.68
a. Bahan,SNI-D.6.12,LANTAI 1,M.001j,70
b. Upah,SNI-D.6.15,LANTAI 1,L.010,0.015
b. Upah,SNI-D.6.15,LANTAI 1,L.007,0.01
b. Upah,SNI-D.6.15,LANTAI 1,L.001,0.1
b. Upah,SNI-D.6.15,LANTAI 1,L.008,0.32
a. Bahan,SNI-D.6.15,LANTAI 1,M.001a,0.05
a. Bahan,SNI-D.6.15,LANTAI 1,M.002a,4.5
a. Bahan,SNI-D.6.15,LANTAI 1,M.001j,70
b. Upah,SNI-D.6.5,LANTAI 1,L.010,0.03
b. Upah,SNI-D.6.5,LANTAI 1,L.007,0.02
b. Upah,SNI-D.6.5,LANTAI 1,L.001,0.2
b. Upah,SNI-D.6.5,LANTAI 1,L.008,0.65
a. Bahan,SNI-D.6.5,LANTAI 1,M.001a,0.102
a. Bahan,SNI-D.6.5,LANTAI 1,M.002a,22.2
a. Bahan,SNI-D.6.5,LANTAI 1,M.001j,140
b. Upah,SNI-D.6.7,LANTAI 1,L.010,0.03
b. Upah,SNI-D.6.7,LANTAI 1,L.007,0.02
b. Upah,SNI-D.6.7,LANTAI 1,L.001,0.2
b. Upah,SNI-D.6.7,LANTAI 1,L.008,0.65
a. Bahan,SNI-D.6.7,LANTAI 1,M.001a,0.0925
a. Bahan,SNI-D.6.7,LANTAI 1,M.002a,10.08
a. Bahan,SNI-D.6.7,LANTAI 1,M.001j,140
a. Bahan,SNI-D.6.7,LANTAI 1,M.001d,0.0275
a. Bahan,SNI-D.6.15,LANTAI 1,M.001d,0.015
a. Bahan,SNI-E.6.3,LANTAI 1,M.002a,6.48
a. Bahan,SNI-E.6.3,LANTAI 1,M.001a,0.019
b. Upah,SNI-E.6.3,LANTAI 1,L.008,0.2
b. Upah,SNI-E.6.3,LANTAI 1,L.001,0.15
b. Upah,SNI-E.6.3,LANTAI 1,L.007,0.015
b. Upah,SNI-E.6.3,LANTAI 1,L.010,0.01
b. Upah,SNI-E.6.5,LANTAI 1,L.010,0.01
b. Upah,SNI-E.6.5,LANTAI 1,L.007,0.015
b. Upah,SNI-E.6.5,LANTAI 1,L.001,0.15
b. Upah,SNI-E.6.5,LANTAI 1,L.008,0.2
a. Bahan,SNI-E.6.5,LANTAI 1,M.001a,0.022
a. Bahan,SNI-E.6.5,LANTAI 1,M.002a,4.32
b. Upah,SNI-E.6.9,LANTAI 1,L.010,0.01
b. Upah,SNI-E.6.9,LANTAI 1,L.007,0.015
b. Upah,SNI-E.6.9,LANTAI 1,L.001,0.15
b. Upah,SNI-E.6.9,LANTAI 1,L.008,0.2
a. Bahan,SNI-E.6.9,LANTAI 1,M.001a,0.014
a. Bahan,SNI-E.6.9,LANTAI 1,M.002a,1.84
a. Bahan,SNI-E.6.9,LANTAI 1,M.001d,0.006
b. Upah,SNI-E.6.14,LANTAI 1,L.010,0.0125
b. Upah,SNI-E.6.14,LANTAI 1,L.007,0.02
b. Upah,SNI-E.6.14,LANTAI 1,L.001,0.2
b. Upah,SNI-E.6.14,LANTAI 1,L.008,0.25
a. Bahan,SNI-E.6.14,LANTAI 1,M.001a,0.026
a. Bahan,SNI-E.6.14,LANTAI 1,M.002a,10.8
a. Bahan,SNI-E.6.16,LANTAI 1,M.002a,7.29
a. Bahan,SNI-E.6.16,LANTAI 1,M.001a,0.028
b. Upah,SNI-E.6.16,LANTAI 1,L.008,0.25
b. Upah,SNI-E.6.16,LANTAI 1,L.001,0.2
b. Upah,SNI-E.6.16,LANTAI 1,L.007,0.02
b. Upah,SNI-E.6.16,LANTAI 1,L.010,0.0125
b. Upah,SNI-E.6.28,LANTAI 1,L.010,0.008
b. Upah,SNI-E.6.28,LANTAI 1,L.007,0.007
b. Upah,SNI-E.6.28,LANTAI 1,L.001,0.07
b. Upah,SNI-E.6.28,LANTAI 1,L.008,0.15
a. Bahan,SNI-E.6.28,LANTAI 1,M.001a,0.023
a. Bahan,SNI-E.6.28,LANTAI 1,M.002a,5.67
a. Bahan,SNI-E.6.30,LANTAI 1,M.002a,7.07
a. Bahan,SNI-E.6.30,LANTAI 1,M.001a,0.021
b. Upah,SNI-E.6.30,LANTAI 1,L.008,0.26
b. Upah,SNI-E.6.30,LANTAI 1,L.001,0.2
b. Upah,SNI-E.6.30,LANTAI 1,L.007,0.02
b. Upah,SNI-E.6.30,LANTAI 1,L.010,0.013
a. Bahan,SNI-E.6.31,LANTAI 1,M.002a,0.5
a. Bahan,SNI-E.6.31,LANTAI 1,M.001a,0.002
b. Upah,SNI-E.6.31,LANTAI 1,L.008,0.057
b. Upah,SNI-E.6.31,LANTAI 1,L.001,0.038
b. Upah,SNI-E.6.31,LANTAI 1,L.007,0.038
b. Upah,SNI-E.6.31,LANTAI 1,L.010,0.002
a. Bahan,SNI-E.6.35,LANTAI 1,M.002a,4.32
a. Bahan,SNI-E.6.35,LANTAI 1,M.001a,0.016
b. Upah,SNI-E.6.35,LANTAI 1,L.008,0.15
b. Upah,SNI-E.6.35,LANTAI 1,L.001,0.07
b. Upah,SNI-E.6.35,LANTAI 1,L.007,0.007
b. Upah,SNI-E.6.35,LANTAI 1,L.010,0.008
a. Bahan,SNI-F.6.1,LANTAI 1,M.005f,1.1
b. Upah,SNI-F.6.1,LANTAI 1,L.008,6
b. Upah,SNI-F.6.1,LANTAI 1,L.002,20
b. Upah,SNI-F.6.1,LANTAI 1,L.007,2
b. Upah,SNI-F.6.1,LANTAI 1,L.010,0.3
b. Upah,SNI-F.6.2,LANTAI 1,L.010,0.3
b. Upah,SNI-F.6.2,LANTAI 1,L.007,2
b. Upah,SNI-F.6.2,LANTAI 1,L.002,18
b. Upah,SNI-F.6.2,LANTAI 1,L.008,6
a. Bahan,SNI-F.6.2,LANTAI 1,M.005e,1.2
b. Upah,SNI-F.6.2a,LANTAI 1,L.008,6
b. Upah,SNI-F.6.2a,LANTAI 1,L.002,18
b. Upah,SNI-F.6.2a,LANTAI 1,L.007,2
b. Upah,SNI-F.6.2a,LANTAI 1,L.010,0.3
a. Bahan,SNI-F.6.2b,LANTAI 1,M.005e,1.2
b. Upah,SNI-F.6.2b,LANTAI 1,L.008,6
b. Upah,SNI-F.6.2b,LANTAI 1,L.002,18
b. Upah,SNI-F.6.2b,LANTAI 1,L.007,2
b. Upah,SNI-F.6.2b,LANTAI 1,L.010,0.3
b. Upah,SNI-F.6.2c,LANTAI 1,L.008,6
b. Upah,SNI-F.6.2c,LANTAI 1,L.002,18
b. Upah,SNI-F.6.2c,LANTAI 1,L.007,2
b. Upah,SNI-F.6.2c,LANTAI 1,L.010,0.3
a. Bahan,SNI-F.6.2a,LANTAI 1,M.005d,1.2
a. Bahan,SNI-F.6.2b,LANTAI 1,M.005c,1.2
a. Bahan,SNI-F.6.2c,LANTAI 1,M.005f,1.1
a. Bahan,SNI-F.6.2d,LANTAI 1,M.005F1,1.2
a. Bahan,SNI-F.6.2d,LANTAI 1,M.006,0.02
b. Upah,SNI-F.6.2d,LANTAI 1,L.008,6
b. Upah,SNI-F.6.2d,LANTAI 1,L.002,18
b. Upah,SNI-F.6.2d,LANTAI 1,L.007,2
b. Upah,SNI-F.6.2d,LANTAI 1,L.010,0.3
b. Upah,SNI-F.6.2e,LANTAI 1,L.010,0.3
b. Upah,SNI-F.6.2e,LANTAI 1,L.007,2
b. Upah,SNI-F.6.2e,LANTAI 1,L.002,18
b. Upah,SNI-F.6.2e,LANTAI 1,L.008,6
a. Bahan,SNI-F.6.2e,LANTAI 1,M.006,0.02
a. Bahan,SNI-F.6.2e,LANTAI 1,M.005F3,1.2
a. Bahan,SNI-F.6.7,LANTAI 1,M.005p,0.04
a. Bahan,SNI-F.6.2f,LANTAI 1,M.006,0.02
b. Upah,SNI-F.6.2f,LANTAI 1,L.008,6
b. Upah,SNI-F.6.2f,LANTAI 1,L.002,18
b. Upah,SNI-F.6.2f,LANTAI 1,L.007,2
b. Upah,SNI-F.6.2f,LANTAI 1,L.010,0.3
a. Bahan,SNI-F.6.2f,LANTAI 1,M.005D1,1.2
b. Upah,SNI-F.6.7,LANTAI 1,L.008,1
b. Upah,SNI-F.6.7,LANTAI 1,L.002,2.5
b. Upah,SNI-F.6.7,LANTAI 1,L.007,0.25
b. Upah,SNI-F.6.7,LANTAI 1,L.010,0.05
b. Upah,SNI-F.6.8,LANTAI 1,L.010,0.05
b. Upah,SNI-F.6.8,LANTAI 1,L.007,0.25
b. Upah,SNI-F.6.8,LANTAI 1,L.002,2.5
b. Upah,SNI-F.6.8,LANTAI 1,L.008,1
b. Upah,SNI-F.6.8a,LANTAI 1,L.010,0.05
b. Upah,SNI-F.6.8a,LANTAI 1,L.007,0.25
b. Upah,SNI-F.6.8a,LANTAI 1,L.002,2.5
b. Upah,SNI-F.6.8a,LANTAI 1,L.008,1
b. Upah,SNI-F.6.8b,LANTAI 1,L.010,0.05
b. Upah,SNI-F.6.8b,LANTAI 1,L.007,0.25
b. Upah,SNI-F.6.8b,LANTAI 1,L.002,2.5
b. Upah,SNI-F.6.8b,LANTAI 1,L.008,1
a. Bahan,SNI-F.6.8,LANTAI 1,M.005o,0.04
a. Bahan,SNI-F.6.8a,LANTAI 1,M.005n,0.04
a. Bahan,SNI-F.6.8b,LANTAI 1,M.005m,0.04
a. Bahan,SNI-F.6.9,LANTAI 1,M.005p,0.035
b. Upah,SNI-F.6.9,LANTAI 1,L.008,0.8
b. Upah,SNI-F.6.9,LANTAI 1,L.002,2
b. Upah,SNI-F.6.9,LANTAI 1,L.007,0.2
b. Upah,SNI-F.6.9,LANTAI 1,L.010,0.04
b. Upah,SNI-F.6.10,LANTAI 1,L.010,0.04
b. Upah,SNI-F.6.10,LANTAI 1,L.007,0.2
b. Upah,SNI-F.6.10,LANTAI 1,L.002,2
b. Upah,SNI-F.6.10,LANTAI 1,L.008,0.8
b. Upah,SNI-F.6.10a,LANTAI 1,L.010,0.04
b. Upah,SNI-F.6.10a,LANTAI 1,L.007,0.2
b. Upah,SNI-F.6.10a,LANTAI 1,L.002,2
b. Upah,SNI-F.6.10a,LANTAI 1,L.008,0.8
b. Upah,SNI-F.6.10b,LANTAI 1,L.010,0.04
b. Upah,SNI-F.6.10b,LANTAI 1,L.007,0.2
b. Upah,SNI-F.6.10b,LANTAI 1,L.002,2
b. Upah,SNI-F.6.10b,LANTAI 1,L.008,0.8
b. Upah,SNI-F.6.12,LANTAI 1,L.010,0.3
b. Upah,SNI-F.6.12,LANTAI 1,L.007,0.3
b. Upah,SNI-F.6.12,LANTAI 1,L.002,3
b. Upah,SNI-F.6.12,LANTAI 1,L.008,1
a. Bahan,SNI-F.6.12,LANTAI 1,M.005p,0.064
a. Bahan,SNI-F.6.10,LANTAI 1,M.005o,0.035
a. Bahan,SNI-F.6.10a,LANTAI 1,M.005n,0.035
a. Bahan,SNI-F.6.10b,LANTAI 1,M.005m,0.035
b. Upah,SNI-F.6.13,LANTAI 1,L.008,1
b. Upah,SNI-F.6.13,LANTAI 1,L.002,3
b. Upah,SNI-F.6.13,LANTAI 1,L.007,0.3
b. Upah,SNI-F.6.13,LANTAI 1,L.010,0.5
b. Upah,SNI-F.6.13a,LANTAI 1,L.008,1
b. Upah,SNI-F.6.13a,LANTAI 1,L.002,3
b. Upah,SNI-F.6.13a,LANTAI 1,L.007,0.3
b. Upah,SNI-F.6.13a,LANTAI 1,L.010,0.5
b. Upah,SNI-F.6.13b,LANTAI 1,L.008,1
b. Upah,SNI-F.6.13b,LANTAI 1,L.002,3
b. Upah,SNI-F.6.13b,LANTAI 1,L.007,0.3
a. Bahan,SNI-F.6.13a,LANTAI 1,M.005n,0.064
a. Bahan,SNI-F.6.13b,LANTAI 1,M.005m,0.064
a. Bahan,SNI-F.6.16,LANTAI 1,M.005p,0.06
a. Bahan,SNI-G.6.4,LANTAI 1,M.001,0.026
a. Bahan,SNI-G.6.4,LANTAI 1,M.001g,0.044
b. Upah,SNI-G.6.4,LANTAI 1,L.008,1.15
b. Upah,SNI-G.6.4,LANTAI 1,L.001,0.02
b. Upah,SNI-G.6.4,LANTAI 1,L.007,0.002
b. Upah,SNI-G.6.4,LANTAI 1,L.010,0.006
a. Bahan,SNI-G.6.7,LANTAI 1,M.002a,352
a. Bahan,SNI-G.6.7,LANTAI 1,M.001,0.56
a. Bahan,SNI-G.6.7,LANTAI 1,M.001g,0.7
b. Upah,SNI-G.6.7,LANTAI 1,L.008,1.65
b. Upah,SNI-G.6.7,LANTAI 1,L.001,0.25
b. Upah,SNI-G.6.7,LANTAI 1,L.007,0.025
b. Upah,SNI-G.6.7,LANTAI 1,L.010,0.08
a. Bahan,SNI-G.6.13,LANTAI 1,M.002a,336
a. Bahan,SNI-G.6.13,LANTAI 1,M.001,0.54
a. Bahan,SNI-G.6.13,LANTAI 1,M.001g,0.81
b. Upah,SNI-G.6.13,LANTAI 1,L.008,2
b. Upah,SNI-G.6.13,LANTAI 1,L.001,0.35
b. Upah,SNI-G.6.13,LANTAI 1,L.007,0.035
b. Upah,SNI-G.6.13,LANTAI 1,L.010,1
a. Bahan,SNI-G.6.25,LANTAI 1,M.003,1.05
a. Bahan,SNI-G.6.25,LANTAI 1,M.003a,0.015
b. Upah,SNI-G.6.25,LANTAI 1,L.008,0.007
b. Upah,SNI-G.6.25,LANTAI 1,L.003,0.007
b. Upah,SNI-G.6.25,LANTAI 1,L.007,0.0007
b. Upah,SNI-G.6.25,LANTAI 1,L.010,0.0003
a. Bahan,SNI-G.6.25a,LANTAI 1,M.003c,1.05
a. Bahan,SNI-G.6.25a,LANTAI 1,M.003a,0.015
b. Upah,SNI-G.6.25a,LANTAI 1,L.008,0.007
b. Upah,SNI-G.6.25a,LANTAI 1,L.003,0.007
b. Upah,SNI-G.6.25a,LANTAI 1,L.007,0.0007
b. Upah,SNI-G.6.25a,LANTAI 1,L.010,0.0003
b. Upah,SNI-G.6.25b,LANTAI 1,L.010,0.0003
b. Upah,SNI-G.6.25b,LANTAI 1,L.007,0.0007
b. Upah,SNI-G.6.25b,LANTAI 1,L.003,0.007
b. Upah,SNI-G.6.25b,LANTAI 1,L.008,0.007
a. Bahan,SNI-G.6.25b,LANTAI 1,M.003a,0.015
a. Bahan,SNI-G.6.25b,LANTAI 1,M.003.1,1.05
a. Bahan,SNI-G.6.28,LANTAI 1,M.005a,0.04
a. Bahan,SNI-G.6.28,LANTAI 1,M.006,0.3
b. Upah,SNI-G.6.28,LANTAI 1,L.008,0.3
b. Upah,SNI-G.6.28,LANTAI 1,L.002,0.26
b. Upah,SNI-G.6.28,LANTAI 1,L.007,0.026
b. Upah,SNI-G.6.28,LANTAI 1,L.010,0.005
b. Upah,SNI-G.6.29,LANTAI 1,L.010,0.005
b. Upah,SNI-G.6.29,LANTAI 1,L.007,0.026
b. Upah,SNI-G.6.29,LANTAI 1,L.002,0.26
b. Upah,SNI-G.6.29,LANTAI 1,L.008,0.3
a. Bahan,SNI-G.6.29,LANTAI 1,M.006,0.3
a. Bahan,SNI-G.6.29,LANTAI 1,M.005a,0.045
a. Bahan,SNI-G.6.30,LANTAI 1,M.005a,0.04
a. Bahan,SNI-G.6.30,LANTAI 1,M.006,0.4
b. Upah,SNI-G.6.30,LANTAI 1,L.008,0.3
b. Upah,SNI-G.6.30,LANTAI 1,L.002,0.33
b. Upah,SNI-G.6.30,LANTAI 1,L.007,0.033
b. Upah,SNI-G.6.30,LANTAI 1,L.010,0.006
a. Bahan,SNI-G.6.30,LANTAI 1,M.005g,0.015
a. Bahan,SNI-G.6.30,LANTAI 1,M.009c,0.35
a. Bahan,SNI-G.6.30,LANTAI 1,M.005s,2
a. Bahan,SNI-G.6.31,LANTAI 1,M.005s,2
a. Bahan,SNI-G.6.31,LANTAI 1,M.009c,0.35
a. Bahan,SNI-G.6.31,LANTAI 1,M.005g,0.018
b. Upah,SNI-G.6.31,LANTAI 1,L.010,0.006
b. Upah,SNI-G.6.31,LANTAI 1,L.007,0.033
a. Bahan,SNI-H.6.41a,LANTAI 1,M.005m,0.019
a. Bahan,SNI-H.6.42,LANTAI 1,M.010u,1.05
b. Upah,SNI-H.6.42,LANTAI 1,L.008,0.15
b. Upah,SNI-H.6.42,LANTAI 1,L.002,0.05
b. Upah,SNI-H.6.42,LANTAI 1,L.007,0.005
b. Upah,SNI-H.6.42,LANTAI 1,L.010,0.008
a. Bahan,SNI-H.6.43,LANTAI 1,M.008d,1.1
a. Bahan,SNI-H.6.43,LANTAI 1,M.006A,0.02
a. Bahan,SNI-H.6.43,LANTAI 1,M.005l,0.0018
b. Upah,SNI-H.6.43,LANTAI 1,L.008,0.1
b. Upah,SNI-H.6.43,LANTAI 1,L.002,0.1
b. Upah,SNI-H.6.43,LANTAI 1,L.007,0.01
b. Upah,SNI-H.6.43,LANTAI 1,L.010,0.0005
b. Upah,SNI-H.6.43a,LANTAI 1,L.010,0.0005
b. Upah,SNI-H.6.43a,LANTAI 1,L.007,0.01
b. Upah,SNI-H.6.43a,LANTAI 1,L.002,0.1
b. Upah,SNI-H.6.43a,LANTAI 1,L.008,0.1
a. Bahan,SNI-H.6.43a,LANTAI 1,M.006A,0.02
a. Bahan,SNI-H.6.43a,LANTAI 1,M.008d,1.1
a. Bahan,SNI-H.6.43a,LANTAI 1,M.005m,0.0018
a. Bahan,SNI-I.6.19,LANTAI 1,M.005Q,1.1
a. Bahan,SNI-I.6.19,LANTAI 1,M.006A,0.01
b. Upah,SNI-I.6.19,LANTAI 1,L.008,0.05
b. Upah,SNI-I.6.19,LANTAI 1,L.002,0.05
b. Upah,SNI-I.6.19,LANTAI 1,L.007,0.005
b. Upah,SNI-I.6.19,LANTAI 1,L.010,0.003
b. Upah,SNI-I.6.19a,LANTAI 1,L.010,0.003
b. Upah,SNI-I.6.19a,LANTAI 1,L.007,0.005
b. Upah,SNI-I.6.19a,LANTAI 1,L.002,0.05
b. Upah,SNI-I.6.19a,LANTAI 1,L.008,0.05
a. Bahan,SNI-I.6.19a,LANTAI 1,M.006A,0.01
a. Bahan,SNI-I.6.19a,LANTAI 1,M.005R,1.1
a. Bahan,SNI-I.6.20,LANTAI 1,M.005j,0.012
a. Bahan,SNI-I.6.20,LANTAI 1,M.006,0.06
a. Bahan,SNI-I.6.20,LANTAI 1,M.006A,0.01
a. Bahan,SNI-I.6.20,LANTAI 1,M.007,1.1
b. Upah,SNI-I.6.20,LANTAI 1,L.008,0.18
b. Upah,SNI-I.6.20,LANTAI 1,L.002,0.32
b. Upah,SNI-I.6.20,LANTAI 1,L.007,0.032
b. Upah,SNI-I.6.20,LANTAI 1,L.010,0.009
b. Upah,SNI-I.6.20a,LANTAI 1,L.010,0.009
b. Upah,SNI-I.6.20a,LANTAI 1,L.007,0.032
b. Upah,SNI-I.6.20a,LANTAI 1,L.002,0.32
b. Upah,SNI-I.6.20a,LANTAI 1,L.008,0.18
a. Bahan,SNI-I.6.20a,LANTAI 1,M.007,1.1
a. Bahan,SNI-I.6.20a,LANTAI 1,M.006A,0.01
a. Bahan,SNI-I.6.20a,LANTAI 1,M.006,0.06
b. Upah,SNI-I.6.20b,LANTAI 1,L.010,0.009
b. Upah,SNI-I.6.20b,LANTAI 1,L.007,0.032
b. Upah,SNI-I.6.20b,LANTAI 1,L.002,0.32
b. Upah,SNI-I.6.20b,LANTAI 1,L.008,0.18
a. Bahan,SNI-I.6.20b,LANTAI 1,M.007,1.1
a. Bahan,SNI-I.6.20b,LANTAI 1,M.006A,0.01
a. Bahan,SNI-I.6.20b,LANTAI 1,M.006,0.06
b. Upah,SNI-I.6.20c,LANTAI 1,L.010,0.009
b. Upah,SNI-I.6.20c,LANTAI 1,L.007,0.032
b. Upah,SNI-I.6.20c,LANTAI 1,L.002,0.32
b. Upah,SNI-I.6.20c,LANTAI 1,L.008,0.18
a. Bahan,SNI-I.6.20c,LANTAI 1,M.007,1.1
a. Bahan,SNI-I.6.20c,LANTAI 1,M.006A,0.01
a. Bahan,SNI-I.6.20c,LANTAI 1,M.006,0.06
a. Bahan,SNI-I.6.20b,LANTAI 1,M.005h,0.012
a. Bahan,SNI-I.6.20c,LANTAI 1,M.005g,0.012
b. Upah,SNI-F.6.13b,LANTAI 1,L.010,0.5
a. Bahan,SNI-F.6.13,LANTAI 1,M.005o,0.064
b. Upah,SNI-F.6.16,LANTAI 1,L.008,0.5
b. Upah,SNI-F.6.16,LANTAI 1,L.002,2
b. Upah,SNI-F.6.16,LANTAI 1,L.007,0.2
b. Upah,SNI-F.6.16,LANTAI 1,L.010,0.025
a. Bahan,SNI-F.6.16,LANTAI 1,M.006a,0.15
a. Bahan,SNI-F.6.17,LANTAI 1,M.006a,0.15
b. Upah,SNI-F.6.17,LANTAI 1,L.010,0.025
b. Upah,SNI-F.6.17,LANTAI 1,L.007,0.2
b. Upah,SNI-F.6.17,LANTAI 1,L.002,2
b. Upah,SNI-F.6.17,LANTAI 1,L.008,0.5
a. Bahan,SNI-F.6.17a,LANTAI 1,M.006a,0.15
b. Upah,SNI-F.6.17a,LANTAI 1,L.010,0.025
b. Upah,SNI-F.6.17a,LANTAI 1,L.007,0.2
b. Upah,SNI-F.6.17a,LANTAI 1,L.002,2
b. Upah,SNI-F.6.17a,LANTAI 1,L.008,0.5
a. Bahan,SNI-F.6.17b,LANTAI 1,M.006a,0.15
b. Upah,SNI-F.6.17b,LANTAI 1,L.010,0.025
b. Upah,SNI-F.6.17b,LANTAI 1,L.007,0.2
b. Upah,SNI-F.6.17b,LANTAI 1,L.002,2
b. Upah,SNI-F.6.17b,LANTAI 1,L.008,0.5
a. Bahan,SNI-F.6.17,LANTAI 1,M.005o,0.06
a. Bahan,SNI-F.6.17a,LANTAI 1,M.005n,0.06
a. Bahan,SNI-F.6.17b,LANTAI 1,M.005m,0.06
a. Bahan,SNI-F.6.19,LANTAI 1,M.005p,0.0196
a. Bahan,SNI-F.6.19,LANTAI 1,M.006A,0.3
a. Bahan,SNI-F.6.19,LANTAI 1,M.012g,0.3
a. Bahan,SNI-F.6.19,LANTAI 1,M.009e,1
b. Upah,SNI-F.6.19,LANTAI 1,L.008,0.6
b. Upah,SNI-F.6.19,LANTAI 1,L.002,2
b. Upah,SNI-F.6.19,LANTAI 1,L.007,0.2
b. Upah,SNI-F.6.19,LANTAI 1,L.010,0.03
b. Upah,SNI-F.6.20,LANTAI 1,L.010,0.03
b. Upah,SNI-F.6.20,LANTAI 1,L.007,0.2
b. Upah,SNI-F.6.20,LANTAI 1,L.002,2
b. Upah,SNI-F.6.20,LANTAI 1,L.008,0.6
a. Bahan,SNI-F.6.20,LANTAI 1,M.009e,1
a. Bahan,SNI-F.6.20,LANTAI 1,M.012g,0.3
a. Bahan,SNI-F.6.20,LANTAI 1,M.006A,0.3
b. Upah,SNI-F.6.20a,LANTAI 1,L.010,0.03
b. Upah,SNI-F.6.20a,LANTAI 1,L.007,0.2
b. Upah,SNI-F.6.20a,LANTAI 1,L.002,2
b. Upah,SNI-F.6.20a,LANTAI 1,L.008,0.6
a. Bahan,SNI-F.6.20a,LANTAI 1,M.009e,1
a. Bahan,SNI-F.6.20a,LANTAI 1,M.012g,0.3
a. Bahan,SNI-F.6.20a,LANTAI 1,M.006A,0.3
b. Upah,SNI-F.6.20b,LANTAI 1,L.010,0.03
b. Upah,SNI-F.6.20b,LANTAI 1,L.007,0.2
b. Upah,SNI-F.6.20b,LANTAI 1,L.002,2
b. Upah,SNI-F.6.20b,LANTAI 1,L.008,0.6
a. Bahan,SNI-F.6.20b,LANTAI 1,M.012g,0.3
a. Bahan,SNI-F.6.20b,LANTAI 1,M.006A,0.3
a. Bahan,SNI-F.6.20,LANTAI 1,M.005o,0.0196
a. Bahan,SNI-F.6.20a,LANTAI 1,M.005n,0.0196
a. Bahan,SNI-F.6.20b,LANTAI 1,M.005m,0.0196
a. Bahan,SNI-F.6.20c,LANTAI 1,M.006A,0.3
a. Bahan,SNI-F.6.20c,LANTAI 1,M.012g,0.3
b. Upah,SNI-F.6.20c,LANTAI 1,L.008,0.6
b. Upah,SNI-F.6.20c,LANTAI 1,L.002,2
a. Bahan,SNI-F.6.20b,LANTAI 1,M.009e,1
a. Bahan,SNI-F.6.20d,LANTAI 1,M.005n,0.0196
a. Bahan,SNI-F.6.20d,LANTAI 1,M.009a,1
b. Upah,SNI-F.6.20c,LANTAI 1,L.007,0.2
b. Upah,SNI-F.6.20c,LANTAI 1,L.010,0.03
a. Bahan,SNI-F.6.20d,LANTAI 1,M.006A,0.3
a. Bahan,SNI-F.6.20d,LANTAI 1,M.012g,0.3
b. Upah,SNI-F.6.20d,LANTAI 1,L.008,0.6
b. Upah,SNI-F.6.20d,LANTAI 1,L.002,2
b. Upah,SNI-F.6.20d,LANTAI 1,L.007,0.2
b. Upah,SNI-F.6.20d,LANTAI 1,L.010,0.03
a. Bahan,SNI-F.6.20e,LANTAI 1,M.005m,0.0196
a. Bahan,SNI-F.6.20e,LANTAI 1,M.006A,0.3
a. Bahan,SNI-F.6.20e,LANTAI 1,M.012g,0.3
b. Upah,SNI-F.6.20e,LANTAI 1,L.008,0.6
b. Upah,SNI-F.6.20e,LANTAI 1,L.002,2
b. Upah,SNI-F.6.20e,LANTAI 1,L.007,0.2
b. Upah,SNI-F.6.20e,LANTAI 1,L.010,0.03
a. Bahan,SNI-F.6.20c,LANTAI 1,M.009a,1
a. Bahan,SNI-F.6.20c,LANTAI 1,M.005o,0.0196
a. Bahan,SNI-F.6.20e,LANTAI 1,M.009a,1
a. Bahan,SNI-F.6.27,LANTAI 1,M.005f,1.1
a. Bahan,SNI-F.6.27,LANTAI 1,M.003d,15
a. Bahan,SNI-F.6.27,LANTAI 1,M.006,0.8
b. Upah,SNI-F.6.27,LANTAI 1,L.008,4
b. Upah,SNI-F.6.27,LANTAI 1,L.002,12
b. Upah,SNI-F.6.27,LANTAI 1,L.007,1.2
b. Upah,SNI-F.6.27,LANTAI 1,L.010,0.2
b. Upah,SNI-F.6.27a,LANTAI 1,L.010,0.2
b. Upah,SNI-F.6.27a,LANTAI 1,L.007,1.2
b. Upah,SNI-F.6.27a,LANTAI 1,L.002,18
b. Upah,SNI-F.6.27a,LANTAI 1,L.008,6
a. Bahan,SNI-F.6.27a,LANTAI 1,M.006,0.8
a. Bahan,SNI-F.6.27a,LANTAI 1,M.003d,15
a. Bahan,SNI-F.6.27a,LANTAI 1,M.005F1,1.1
a. Bahan,SNI-F.6.27b,LANTAI 1,M.003d,15
a. Bahan,SNI-F.6.27b,LANTAI 1,M.006,0.8
b. Upah,SNI-F.6.27b,LANTAI 1,L.008,6
b. Upah,SNI-F.6.27b,LANTAI 1,L.002,18
b. Upah,SNI-F.6.27b,LANTAI 1,L.007,1.2
b. Upah,SNI-F.6.27b,LANTAI 1,L.010,0.2
a. Bahan,SNI-F.6.27b,LANTAI 1,M.005F2,1.1
a. Bahan,SNI-F.6.27c,LANTAI 1,M.005F3,1.1
a. Bahan,SNI-F.6.27c,LANTAI 1,M.003d,15
a. Bahan,SNI-F.6.27c,LANTAI 1,M.006,0.8
b. Upah,SNI-F.6.27c,LANTAI 1,L.008,6
b. Upah,SNI-F.6.27c,LANTAI 1,L.002,18
b. Upah,SNI-F.6.27c,LANTAI 1,L.007,1.2
b. Upah,SNI-F.6.27c,LANTAI 1,L.010,0.2
b. Upah,SNI-F.6.28,LANTAI 1,L.010,0.2
b. Upah,SNI-F.6.28,LANTAI 1,L.007,1.2
b. Upah,SNI-F.6.28,LANTAI 1,L.002,12
b. Upah,SNI-F.6.28,LANTAI 1,L.008,4
a. Bahan,SNI-F.6.28,LANTAI 1,M.006,0.8
a. Bahan,SNI-F.6.28,LANTAI 1,M.003d,15
b. Upah,SNI-F.6.28a,LANTAI 1,L.010,0.2
b. Upah,SNI-F.6.28a,LANTAI 1,L.007,1.2
b. Upah,SNI-F.6.28a,LANTAI 1,L.002,12
b. Upah,SNI-F.6.28a,LANTAI 1,L.008,4
a. Bahan,SNI-F.6.28a,LANTAI 1,M.006,0.8
a. Bahan,SNI-F.6.28a,LANTAI 1,M.003d,15
a. Bahan,SNI-F.6.28a,LANTAI 1,M.005f,1.1
b. Upah,SNI-F.6.30,LANTAI 1,L.010,0.2
b. Upah,SNI-F.6.30,LANTAI 1,L.007,1.2
b. Upah,SNI-F.6.30,LANTAI 1,L.002,12
b. Upah,SNI-F.6.30,LANTAI 1,L.008,4
a. Bahan,SNI-F.6.30,LANTAI 1,M.006,0.8
a. Bahan,SNI-F.6.30,LANTAI 1,M.003d,15
a. Bahan,SNI-F.6.28,LANTAI 1,M.005e,1.1
a. Bahan,SNI-F.6.30,LANTAI 1,M.005c,1.1
a. Bahan,SNI-F.6.28b,LANTAI 1,M.005D1,1.1
a. Bahan,SNI-F.6.28b,LANTAI 1,M.003d,15
a. Bahan,SNI-F.6.28b,LANTAI 1,M.006,0.8
b. Upah,SNI-F.6.28b,LANTAI 1,L.008,6
b. Upah,SNI-F.6.28b,LANTAI 1,L.002,18
b. Upah,SNI-F.6.28b,LANTAI 1,L.007,1.2
b. Upah,SNI-F.6.28b,LANTAI 1,L.010,0.2
a. Bahan,SNI-F.6.28c,LANTAI 1,M.005D2,1.1
a. Bahan,SNI-F.6.28c,LANTAI 1,M.003d,15
a. Bahan,SNI-F.6.28c,LANTAI 1,M.006,0.8
b. Upah,SNI-F.6.28c,LANTAI 1,L.008,6
b. Upah,SNI-F.6.28c,LANTAI 1,L.002,18
b. Upah,SNI-F.6.28c,LANTAI 1,L.007,1.2
b. Upah,SNI-F.6.28c,LANTAI 1,L.010,0.2
a. Bahan,SNI-F.6.31,LANTAI 1,M.005j,0.012
a. Bahan,SNI-F.6.31,LANTAI 1,M.006,0.15
b. Upah,SNI-F.6.31,LANTAI 1,L.008,0.1
b. Upah,SNI-F.6.31,LANTAI 1,L.002,0.1
b. Upah,SNI-F.6.31,LANTAI 1,L.007,0.01
b. Upah,SNI-F.6.31,LANTAI 1,L.010,0.005
b. Upah,SNI-F.6.31a,LANTAI 1,L.010,0.005
b. Upah,SNI-F.6.31a,LANTAI 1,L.007,0.01
b. Upah,SNI-F.6.31a,LANTAI 1,L.002,0.1
b. Upah,SNI-F.6.31a,LANTAI 1,L.008,0.1
a. Bahan,SNI-F.6.31a,LANTAI 1,M.006,0.15
a. Bahan,SNI-F.6.31a,LANTAI 1,M.005i,0.012
a. Bahan,SNI-F.6.31b,LANTAI 1,M.005h,0.012
a. Bahan,SNI-F.6.31b,LANTAI 1,M.006,0.15
b. Upah,SNI-F.6.31b,LANTAI 1,L.008,0.1
b. Upah,SNI-F.6.31b,LANTAI 1,L.002,0.1
b. Upah,SNI-F.6.31b,LANTAI 1,L.007,0.01
b. Upah,SNI-F.6.31b,LANTAI 1,L.010,0.005
a. Bahan,SNI-F.6.31c,LANTAI 1,M.005g,0.012
a. Bahan,SNI-F.6.31c,LANTAI 1,M.006,0.15
b. Upah,SNI-F.6.31c,LANTAI 1,L.008,0.1
b. Upah,SNI-F.6.31c,LANTAI 1,L.002,0.1
b. Upah,SNI-F.6.31c,LANTAI 1,L.007,0.01
b. Upah,SNI-F.6.31c,LANTAI 1,L.010,0.005
a. Bahan,SNI-F.6.31d,LANTAI 1,M.005D1,0.012
a. Bahan,SNI-F.6.31d,LANTAI 1,M.006,0.15
b. Upah,SNI-F.6.31d,LANTAI 1,L.008,0.1
b. Upah,SNI-F.6.31d,LANTAI 1,L.002,0.1
b. Upah,SNI-F.6.31d,LANTAI 1,L.007,0.01
b. Upah,SNI-F.6.31d,LANTAI 1,L.010,0.005
a. Bahan,SNI-F.6.35,LANTAI 1,M.005j,0.014
a. Bahan,SNI-F.6.35,LANTAI 1,M.006,0.15
b. Upah,SNI-F.6.35,LANTAI 1,L.008,0.1
b. Upah,SNI-F.6.35,LANTAI 1,L.002,0.1
b. Upah,SNI-F.6.35,LANTAI 1,L.007,0.01
b. Upah,SNI-F.6.35,LANTAI 1,L.010,0.005
a. Bahan,SNI-G.6.1,LANTAI 1,M.002a,218
a. Bahan,SNI-G.6.1,LANTAI 1,M.001,0.52
a. Bahan,SNI-G.6.1,LANTAI 1,M.001g,0.87
b. Upah,SNI-G.6.1,LANTAI 1,L.008,1.65
b. Upah,SNI-G.6.1,LANTAI 1,L.001,0.25
b. Upah,SNI-G.6.1,LANTAI 1,L.007,0.025
b. Upah,SNI-G.6.1,LANTAI 1,L.010,0.08
a. Bahan,SNI-G.6.4,LANTAI 1,M.002a,10
b. Upah,SNI-G.6.31,LANTAI 1,L.002,0.33
b. Upah,SNI-G.6.31,LANTAI 1,L.008,0.32
a. Bahan,SNI-G.6.31,LANTAI 1,M.006,0.4
a. Bahan,SNI-G.6.31,LANTAI 1,M.005a,0.04
a. Bahan,SNI-G.6.32,LANTAI 1,M.005s,6
a. Bahan,SNI-G.6.32,LANTAI 1,M.009c,0.35
a. Bahan,SNI-G.6.32,LANTAI 1,M.005g,0.015
b. Upah,SNI-G.6.32,LANTAI 1,L.010,0.006
b. Upah,SNI-G.6.32,LANTAI 1,L.007,0.033
b. Upah,SNI-G.6.32,LANTAI 1,L.002,0.33
b. Upah,SNI-G.6.32,LANTAI 1,L.008,0.32
a. Bahan,SNI-G.6.32,LANTAI 1,M.006,0.4
a. Bahan,SNI-G.6.32,LANTAI 1,M.005a,0.04
a. Bahan,SNI-G.6.33,LANTAI 1,M.005s,3
a. Bahan,SNI-G.6.33,LANTAI 1,M.009c,0.35
a. Bahan,SNI-G.6.33,LANTAI 1,M.005g,0.02
b. Upah,SNI-G.6.33,LANTAI 1,L.010,0.006
b. Upah,SNI-G.6.33,LANTAI 1,L.007,0.033
b. Upah,SNI-G.6.33,LANTAI 1,L.002,0.33
b. Upah,SNI-G.6.33,LANTAI 1,L.008,0.32
a. Bahan,SNI-G.6.33,LANTAI 1,M.006,0.4
a. Bahan,SNI-G.6.33,LANTAI 1,M.005a,0.03
a. Bahan,SNI-G.6.34,LANTAI 1,M.005s,2
a. Bahan,SNI-G.6.34,LANTAI 1,M.009c,0.35
a. Bahan,SNI-G.6.34,LANTAI 1,M.005g,0.015
b. Upah,SNI-G.6.34,LANTAI 1,L.010,0.006
b. Upah,SNI-G.6.34,LANTAI 1,L.007,0.033
b. Upah,SNI-G.6.34,LANTAI 1,L.002,0.33
b. Upah,SNI-G.6.34,LANTAI 1,L.008,0.32
a. Bahan,SNI-G.6.34,LANTAI 1,M.006,0.4
a. Bahan,SNI-G.6.34,LANTAI 1,M.005a,0.03
a. Bahan,SNI-G.6.33,LANTAI 1,M.005t,4
a. Bahan,SNI-G.6.45,LANTAI 1,M.005a,0.002
a. Bahan,SNI-G.6.45,LANTAI 1,M.006,0.01
a. Bahan,SNI-G.6.45,LANTAI 1,M.003,3
a. Bahan,SNI-G.6.45,LANTAI 1,M.003a,0.45
a. Bahan,SNI-G.6.45,LANTAI 1,M.002a,4
a. Bahan,SNI-G.6.45,LANTAI 1,M.001,0.006
a. Bahan,SNI-G.6.45,LANTAI 1,M.001g,0.009
b. Upah,SNI-G.6.45,LANTAI 1,L.008,0.06
b. Upah,SNI-G.6.45,LANTAI 1,L.001,0.02
b. Upah,SNI-G.6.45,LANTAI 1,L.002,0.02
b. Upah,SNI-G.6.45,LANTAI 1,L.003,0.02
b. Upah,SNI-G.6.45,LANTAI 1,L.007,0.006
b. Upah,SNI-G.6.45,LANTAI 1,L.010,0.003
a. Bahan,SNI-G.6.46,LANTAI 1,M.005a,0.003
a. Bahan,SNI-G.6.46,LANTAI 1,M.006,0.02
a. Bahan,SNI-G.6.46,LANTAI 1,M.003,3.6
a. Bahan,SNI-G.6.46,LANTAI 1,M.003a,0.05
a. Bahan,SNI-G.6.46,LANTAI 1,M.002a,5.5
a. Bahan,SNI-G.6.46,LANTAI 1,M.001,0.009
a. Bahan,SNI-G.6.46,LANTAI 1,M.001g,0.015
b. Upah,SNI-G.6.46,LANTAI 1,L.008,0.1
b. Upah,SNI-G.6.46,LANTAI 1,L.001,0.033
b. Upah,SNI-G.6.46,LANTAI 1,L.002,0.033
b. Upah,SNI-G.6.46,LANTAI 1,L.007,0.01
b. Upah,SNI-G.6.46,LANTAI 1,L.003,0.033
b. Upah,SNI-G.6.46,LANTAI 1,L.010,0.005
a. Bahan,SNI-H.6.1,LANTAI 1,M.010a,25
b. Upah,SNI-H.6.1,LANTAI 1,L.008,0.15
b. Upah,SNI-H.6.1,LANTAI 1,L.002,0.075
b. Upah,SNI-H.6.1,LANTAI 1,L.007,0.008
b. Upah,SNI-H.6.1,LANTAI 1,L.010,0.008
b. Upah,SNI-H.6.2,LANTAI 1,L.010,0.008
b. Upah,SNI-I.6.20d,LANTAI 1,L.010,0.009
b. Upah,SNI-I.6.20d,LANTAI 1,L.007,0.032
b. Upah,SNI-I.6.20d,LANTAI 1,L.002,0.32
b. Upah,SNI-I.6.20d,LANTAI 1,L.008,0.18
a. Bahan,SNI-I.6.20d,LANTAI 1,M.006A,0.01
a. Bahan,SNI-I.6.20d,LANTAI 1,M.006,0.06
b. Upah,SNI-I.6.20e,LANTAI 1,L.010,0.009
b. Upah,SNI-I.6.20e,LANTAI 1,L.007,0.032
b. Upah,SNI-I.6.20e,LANTAI 1,L.002,0.32
b. Upah,SNI-I.6.20e,LANTAI 1,L.008,0.18
a. Bahan,SNI-I.6.20e,LANTAI 1,M.006A,0.01
a. Bahan,SNI-I.6.20e,LANTAI 1,M.006,0.06
a. Bahan,SNI-I.6.20a,LANTAI 1,M.005i,0.012
a. Bahan,SNI-I.6.20d,LANTAI 1,M.005c,0.012
a. Bahan,SNI-I.6.20d,LANTAI 1,M.007a,1.1
a. Bahan,SNI-I.6.20e,LANTAI 1,M.005b,0.012
a. Bahan,SNI-I.6.20e,LANTAI 1,M.007a,1.1
a. Bahan,SNI-I.6.24,LANTAI 1,M.007b,0.364
a. Bahan,SNI-I.6.24,LANTAI 1,M.006h,0.11
b. Upah,SNI-I.6.24,LANTAI 1,L.008,0.1
b. Upah,SNI-I.6.24,LANTAI 1,L.002,0.05
b. Upah,SNI-I.6.24,LANTAI 1,L.007,0.005
b. Upah,SNI-I.6.24,LANTAI 1,L.010,0.005
a. Bahan,SNI-J.6.1,LANTAI 1,M.015,1
b. Upah,SNI-J.6.1,LANTAI 1,L.008,3.3
b. Upah,SNI-J.6.1,LANTAI 1,L.001,1.1
b. Upah,SNI-J.6.1,LANTAI 1,L.007,0.001
b. Upah,SNI-J.6.1,LANTAI 1,L.010,0.16
d. Lain-lain,SNI-J.6.1,LANTAI 1,XM.015,0.06
a. Bahan,SNI-J.6.2,LANTAI 1,M.015a,1
a. Bahan,SNI-J.6.2,LANTAI 1,M.002a,6
a. Bahan,SNI-J.6.2,LANTAI 1,M.001a,0.01
b. Upah,SNI-J.6.2,LANTAI 1,L.008,1
b. Upah,SNI-J.6.2,LANTAI 1,L.001,1.5
b. Upah,SNI-J.6.2,LANTAI 1,L.007,1.5
b. Upah,SNI-J.6.2,LANTAI 1,L.010,0.16
a. Bahan,SNI-J.6.4,LANTAI 1,M.015b,1
d. Lain-lain,SNI-J.6.4,LANTAI 1,XM.015B,0.3
a. Bahan,SNI-J.6.4,LANTAI 1,M.002a,6
a. Bahan,SNI-J.6.4,LANTAI 1,M.001a,0.01
b. Upah,SNI-J.6.4,LANTAI 1,L.008,1
b. Upah,SNI-J.6.4,LANTAI 1,L.007,0.1
b. Upah,SNI-J.6.4,LANTAI 1,L.010,0.1
b. Upah,SNI-J.6.4,LANTAI 1,L.001,1
a. Bahan,SNI-J.6.5,LANTAI 1,M.015c,1
d. Lain-lain,SNI-J.6.5,LANTAI 1,XM.015C,0.12
a. Bahan,SNI-J.6.5,LANTAI 1,M.002a,6
a. Bahan,SNI-J.6.5,LANTAI 1,M.001a,0.01
b. Upah,SNI-J.6.5,LANTAI 1,L.008,1.2
b. Upah,SNI-J.6.5,LANTAI 1,L.001,1.45
b. Upah,SNI-J.6.5,LANTAI 1,L.007,0.15
b. Upah,SNI-J.6.5,LANTAI 1,L.010,0.1
a. Bahan,SNI-J.6.7,LANTAI 1,M.015d,1
d. Lain-lain,SNI-J.6.7,LANTAI 1,XM.015D,0.18
b. Upah,SNI-J.6.7,LANTAI 1,L.008,1.8
b. Upah,SNI-J.6.7,LANTAI 1,L.001,2.7
b. Upah,SNI-J.6.7,LANTAI 1,L.007,0.54
b. Upah,SNI-J.6.7,LANTAI 1,L.010,0.11
a. Bahan,SNI-J.6.8,LANTAI 1,M.001m,0.4
a. Bahan,SNI-J.6.8,LANTAI 1,M.002a,120
a. Bahan,SNI-J.6.8,LANTAI 1,M.001a,0.3
a. Bahan,SNI-J.6.8,LANTAI 1,M.004a,109
a. Bahan,SNI-J.6.8,LANTAI 1,M.002b,6
b. Upah,SNI-J.6.8,LANTAI 1,L.008,6
a. Bahan,BOW-Supl.IVa,LANTAI 1,M.002a,17.16
a. Bahan,BOW-Supl.IVa,LANTAI 1,M.001a,0.0285
a. Bahan,BOW-Supl.IVa,LANTAI 1,M.012o,0.21
b. Upah,BOW-Supl.IVa,LANTAI 1,L.008,6
b. Upah,BOW-Supl.IVa,LANTAI 1,L.011,4
b. Upah,BOW-Supl.IVa,LANTAI 1,L.007,0.4
b. Upah,BOW-Supl.IVa,LANTAI 1,L.010,0.3
a. Bahan,BOW-Supl.IVb,LANTAI 1,M.004r,1
a. Bahan,BOW-Supl.IVb,LANTAI 1,M.012o,0.21
a. Bahan,BOW-Supl.IVb,LANTAI 1,M.003a,0.07
a. Bahan,BOW-Supl.IVb,LANTAI 1,M.006i,20
b. Upah,BOW-Supl.IVb,LANTAI 1,L.008,6
b. Upah,BOW-Supl.IVb,LANTAI 1,L.011,4
b. Upah,BOW-Supl.IVb,LANTAI 1,L.007,0.4
b. Upah,BOW-Supl.IVb,LANTAI 1,L.010,0.3
a. Bahan,BOW-Supl.IVb,LANTAI 1,M.002a,17.489
a. Bahan,BOW-Supl.IVb,LANTAI 1,M.001a,0.014
a. Bahan,BOW-Supl.IVc,LANTAI 1,M.012p,0.45
b. Upah,BOW-Supl.IVc,LANTAI 1,L.008,0.1
b. Upah,BOW-Supl.IVc,LANTAI 1,L.010,0.005
a. Bahan,BOW-Supl.IVd,LANTAI 1,M.012p,0.3
b. Upah,BOW-Supl.IVd,LANTAI 1,L.008,0.05
b. Upah,BOW-Supl.IVd,LANTAI 1,L.010,0.002
a. Bahan,BOW-Supl.IVe,LANTAI 1,M.012q,0.07
a. Bahan,BOW-Supl.IVe,LANTAI 1,M.012r,0.56
a. Bahan,BOW-Supl.IVe,LANTAI 1,M.012s,8
b. Upah,BOW-Supl.IVe,LANTAI 1,L.008,0.2
b. Upah,BOW-Supl.IVe,LANTAI 1,L.010,0.05
b. Upah,BOW-Supl.IVe,LANTAI 1,L.012,0.1
c. Alat Bantu,BOW-Supl.IVe,LANTAI 1,E.31,0.1
a. Bahan,BOW-Supl.IVf,LANTAI 1,M.012q,0.04
b. Upah,BOW-Supl.IVf,LANTAI 1,L.008,0.16
b. Upah,BOW-Supl.IVf,LANTAI 1,L.010,0.02
b. Upah,BOW-Supl.IVf,LANTAI 1,L.012,0.07
c. Alat Bantu,BOW-Supl.IVf,LANTAI 1,E.31,0.07
a. Bahan,BOW-Supl.IVg,LANTAI 1,M.012t,0.09
a. Bahan,BOW-Supl.IVg,LANTAI 1,M.012u,0.26
b. Upah,BOW-Supl.IVg,LANTAI 1,L.008,0.12
b. Upah,BOW-Supl.IVg,LANTAI 1,L.010,0.01
b. Upah,BOW-G.69,LANTAI 1,L.001,0.25
b. Upah,BOW-G.69,LANTAI 1,L.007,0.025
b. Upah,BOW-G.69,LANTAI 1,L.008,0.5
b. Upah,BOW-G.69,LANTAI 1,L.010,0.025
a. Bahan,BOW-Supl.IVh,LANTAI 1,M.004t,1
a. Bahan,BOW-Supl.IVh,LANTAI 1,M.002a,26.2335
a. Bahan,BOW-Supl.IVh,LANTAI 1,M.001a,0.021
a. Bahan,BOW-Supl.IVh,LANTAI 1,M.012p,0.45
b. Upah,BOW-Supl.IVh,LANTAI 1,L.001,0.3125
b. Upah,BOW-Supl.IVh,LANTAI 1,L.007,0.0313
b. Upah,BOW-Supl.IVh,LANTAI 1,L.008,0.625
b. Upah,BOW-Supl.IVh,LANTAI 1,L.010,0.025
a. Bahan,BOW-Supl.IVi,LANTAI 1,M.004u,1
a. Bahan,BOW-Supl.IVi,LANTAI 1,M.001p,0.05
a. Bahan,BOW-Supl.IVi,LANTAI 1,M.002a,26.2335
a. Bahan,BOW-Supl.IVi,LANTAI 1,M.001a,0.021
b. Upah,BOW-Supl.IVi,LANTAI 1,L.001,0.5
b. Upah,BOW-Supl.IVi,LANTAI 1,L.007,0.05
b. Upah,BOW-Supl.IVi,LANTAI 1,L.008,1
b. Upah,BOW-Supl.IVi,LANTAI 1,L.010,0.05
a. Bahan,BOW-Supl.IVj,LANTAI 1,M.012o,0.21
d. Lain-lain,SNI-J.6.27,LANTAI 1,XM.016I,0.35
a. Bahan,SNI-J.6.27,LANTAI 1,M.016I,1.2
b. Upah,SNI-J.6.27,LANTAI 1,L.008,0.036
b. Upah,SNI-J.6.27,LANTAI 1,L.001,0.06
b. Upah,SNI-J.6.27,LANTAI 1,L.007,0.006
b. Upah,SNI-J.6.26,LANTAI 1,L.010,0.0018
d. Lain-lain,SNI-J.6.28,LANTAI 1,XM.016J,0.35
a. Bahan,SNI-J.6.28,LANTAI 1,M.016J,1.2
b. Upah,SNI-J.6.28,LANTAI 1,L.008,0.036
b. Upah,SNI-J.6.28,LANTAI 1,L.001,0.06
b. Upah,SNI-J.6.28,LANTAI 1,L.007,0.006
b. Upah,SNI-J.6.28,LANTAI 1,L.010,0.0018
a. Bahan,SNI-J.6.29,LANTAI 1,M.016K,1.2
d. Lain-lain,SNI-J.6.29,LANTAI 1,XM.016K,0.35
b. Upah,SNI-J.6.29,LANTAI 1,L.008,0.054
b. Upah,SNI-J.6.29,LANTAI 1,L.001,0.09
b. Upah,SNI-J.6.29,LANTAI 1,L.007,0.009
b. Upah,SNI-J.6.29,LANTAI 1,L.010,0.0027
a. Bahan,SNI-J.6.31,LANTAI 1,M.016L,1.2
d. Lain-lain,SNI-J.6.31,LANTAI 1,XM.016L,0.35
b. Upah,SNI-J.6.31,LANTAI 1,L.008,0.054
b. Upah,SNI-J.6.31,LANTAI 1,L.001,0.09
b. Upah,SNI-J.6.31,LANTAI 1,L.007,0.009
b. Upah,SNI-J.6.31,LANTAI 1,L.010,0.0027
a. Bahan,SNI-J.6.32,LANTAI 1,M.016M,1.2
d. Lain-lain,SNI-J.6.32,LANTAI 1,XM.016M,0.35
b. Upah,SNI-J.6.32,LANTAI 1,L.008,0.081
b. Upah,SNI-J.6.32,LANTAI 1,L.001,0.135
b. Upah,SNI-J.6.32,LANTAI 1,L.007,0.0135
b. Upah,SNI-J.6.32,LANTAI 1,L.010,0.0041
a. Bahan,SNI-F.6.9.1,LANTAI 1,M.005p,0.012
b. Upah,SNI-F.6.9.1,LANTAI 1,L.008,0.05
b. Upah,SNI-A.6.9,LANTAI 1,L.008,0.5
b. Upah,SNI-A.6.9,LANTAI 1,L.010,0.01
a. Bahan,SNI-D.6.10,LANTAI 2,M.001j,70
a. Bahan,SNI-D.6.10,LANTAI 2,M.002a,14.37
a. Bahan,SNI-D.6.10,LANTAI 2,M.001a,0.04
b. Upah,SNI-D.6.10,LANTAI 2,L.008,0.352
b. Upah,SNI-D.6.10,LANTAI 2,L.001,0.11
b. Upah,SNI-D.6.10,LANTAI 2,L.007,0.011
b. Upah,SNI-D.6.10,LANTAI 2,L.010,0.0165
a. Bahan,SNI-D.6.12,LANTAI 2,M.001j,70
a. Bahan,SNI-D.6.12,LANTAI 2,M.002a,9.68
a. Bahan,SNI-D.6.12,LANTAI 2,M.001a,0.045
b. Upah,SNI-D.6.12,LANTAI 2,L.008,0.352
b. Upah,SNI-D.6.12,LANTAI 2,L.001,0.11
b. Upah,SNI-D.6.12,LANTAI 2,L.007,0.011
b. Upah,SNI-D.6.12,LANTAI 2,L.010,0.0165
a. Bahan,SNI-D.6.15,LANTAI 2,M.001d,0.015
a. Bahan,SNI-D.6.15,LANTAI 2,M.001j,70
a. Bahan,SNI-D.6.15,LANTAI 2,M.002a,4.5
a. Bahan,SNI-D.6.15,LANTAI 2,M.001a,0.05
b. Upah,SNI-D.6.15,LANTAI 2,L.008,0.352
b. Upah,SNI-D.6.15,LANTAI 2,L.001,0.11
b. Upah,SNI-D.6.15,LANTAI 2,L.007,0.011
b. Upah,SNI-D.6.15,LANTAI 2,L.010,0.0165
b. Upah,SNI-E.6.16,LANTAI 2,L.010,0.0138
b. Upah,SNI-E.6.16,LANTAI 2,L.007,0.022
b. Upah,SNI-E.6.16,LANTAI 2,L.001,0.22
b. Upah,SNI-E.6.16,LANTAI 2,L.008,0.275
a. Bahan,SNI-A.6.4,LANTAI 1,M.005g,0.012
a. Bahan,SNI-A.6.4,LANTAI 1,M.006,0.02
a. Bahan,SNI-A.6.4,LANTAI 1,M.005l,0.007
b. Upah,SNI-A.6.4,LANTAI 1,L.008,0.1
b. Upah,SNI-A.6.4,LANTAI 1,L.002,0.1
b. Upah,SNI-A.6.4,LANTAI 1,L.007,0.01
b. Upah,SNI-A.6.4,LANTAI 1,L.010,0.005
b. Upah,SNI-A.6.4a,LANTAI 1,L.010,0.005
b. Upah,SNI-A.6.4a,LANTAI 1,L.007,0.01
b. Upah,SNI-A.6.4a,LANTAI 1,L.002,0.1
b. Upah,SNI-A.6.4a,LANTAI 1,L.008,0.1
a. Bahan,SNI-A.6.4a,LANTAI 1,M.006,0.02
a. Bahan,SNI-A.6.4a,LANTAI 1,M.005a,0.007
a. Bahan,SNI-A.6.4a,LANTAI 1,M.005A2,0.012
a. Bahan,SNI-A.6.6,LANTAI 1,M.005s,1.7
a. Bahan,SNI-A.6.6,LANTAI 1,M.005l,0.21
a. Bahan,SNI-A.6.6,LANTAI 1,M.006,0.3
a. Bahan,SNI-A.6.6,LANTAI 1,M.002a,10.5
a. Bahan,SNI-A.6.6,LANTAI 1,M.001,0.03
a. Bahan,SNI-A.6.6,LANTAI 1,M.001g,0.05
a. Bahan,SNI-A.6.6,LANTAI 1,M.010l,1.5
b. Upah,SNI-A.6.6,LANTAI 1,L.008,1
b. Upah,SNI-A.6.6,LANTAI 1,L.002,2
b. Upah,SNI-A.6.6,LANTAI 1,L.007,0.2
b. Upah,SNI-A.6.6,LANTAI 1,L.010,0.05
a. Bahan,SNI-A.6.6a,LANTAI 1,M.005s,1.7
a. Bahan,SNI-A.6.6a,LANTAI 1,M.005A1,0.21
a. Bahan,SNI-A.6.6a,LANTAI 1,M.006,0.3
a. Bahan,SNI-A.6.6a,LANTAI 1,M.010l,1.5
b. Upah,SNI-A.6.6a,LANTAI 1,L.008,1
b. Upah,SNI-A.6.6a,LANTAI 1,L.002,2
b. Upah,SNI-A.6.6a,LANTAI 1,L.007,0.2
b. Upah,SNI-A.6.6a,LANTAI 1,L.010,0.05
a. Bahan,SNI-A.6.6a,LANTAI 1,M.002a,10.5
a. Bahan,SNI-A.6.6a,LANTAI 1,M.001,0.03
a. Bahan,SNI-A.6.6a,LANTAI 1,M.001g,0.05
a. Bahan,SNI-A.6.7,LANTAI 1,M.005s,3
a. Bahan,SNI-A.6.7,LANTAI 1,M.005l,0.276
a. Bahan,SNI-A.6.7,LANTAI 1,M.006,0.7
a. Bahan,SNI-A.6.7,LANTAI 1,M.010l,1.5
b. Upah,SNI-A.6.7,LANTAI 1,L.008,1
b. Upah,SNI-A.6.7,LANTAI 1,L.002,1.5
b. Upah,SNI-A.6.7,LANTAI 1,L.007,0.15
b. Upah,SNI-A.6.7,LANTAI 1,L.010,0.05
b. Upah,SNI-A.6.7a,LANTAI 1,L.010,0.05
b. Upah,SNI-A.6.7a,LANTAI 1,L.007,0.15
b. Upah,SNI-A.6.7a,LANTAI 1,L.002,1.5
b. Upah,SNI-A.6.7a,LANTAI 1,L.008,1
a. Bahan,SNI-A.6.7a,LANTAI 1,M.010l,1.5
a. Bahan,SNI-A.6.7a,LANTAI 1,M.006,0.7
a. Bahan,SNI-A.6.7a,LANTAI 1,M.005s,3
a. Bahan,SNI-A.6.7a,LANTAI 1,M.005A1,0.276
b. Upah,SNI-A.6.8,LANTAI 1,L.008,0.1
b. Upah,SNI-A.6.8,LANTAI 1,L.010,0.05
a. Bahan,SNI-A.6.10,LANTAI 1,M.005a,0.036
a. Bahan,SNI-A.6.10,LANTAI 1,M.006,0.08
a. Bahan,SNI-A.6.10,LANTAI 1,M.005t,1
b. Upah,SNI-A.6.10,LANTAI 1,L.001,0.3
b. Upah,SNI-A.6.10,LANTAI 1,L.010,0.0015
a. Bahan,SNI-A.6.11,LANTAI 1,M.006f,1
a. Bahan,SNI-A.6.11,LANTAI 1,M.001l,0.25
b. Upah,SNI-A.6.11,LANTAI 1,L.008,0.25
b. Upah,SNI-A.6.11,LANTAI 1,L.002,0.017
b. Upah,SNI-A.6.11,LANTAI 1,L.007,0.002
b. Upah,SNI-A.6.11,LANTAI 1,L.010,0.013
b. Upah,SNI-L.6.48g,LANTAI 1,L.010,0.03
b. Upah,SNI-L.6.48g,LANTAI 1,L.007,0.035
b. Upah,SNI-L.6.48g,LANTAI 1,L.001,0.35
b. Upah,SNI-L.6.48g,LANTAI 1,L.008,0.62
a. Bahan,SNI-L.6.48g,LANTAI 1,M.002b,1.5
a. Bahan,SNI-L.6.48g,LANTAI 1,M.001a,0.042
a. Bahan,SNI-L.6.48g,LANTAI 1,M.002a,11.38
b. Upah,SNI-L.6.48h,LANTAI 1,L.010,0.03
b. Upah,SNI-L.6.48h,LANTAI 1,L.007,0.035
b. Upah,SNI-L.6.48h,LANTAI 1,L.001,0.35
b. Upah,SNI-L.6.48h,LANTAI 1,L.008,0.62
a. Bahan,SNI-L.6.48h,LANTAI 1,M.002b,1.5
a. Bahan,SNI-L.6.48h,LANTAI 1,M.001a,0.042
a. Bahan,SNI-L.6.48h,LANTAI 1,M.002a,11.38
a. Bahan,SNI-L.6.44a,LANTAI 1,M.004a,26.5
a. Bahan,SNI-L.6.44b,LANTAI 1,M.004b,26.5
a. Bahan,SNI-L.6.47,LANTAI 1,M.004c,10
a. Bahan,SNI-L.6.47a,LANTAI 1,M.004d,7
a. Bahan,SNI-L.6.47b,LANTAI 1,M.004e,7
a. Bahan,SNI-L.6.47c,LANTAI 1,M.004e.2,7
a. Bahan,SNI-L.6.47d,LANTAI 1,M.004e.2,7
a. Bahan,SNI-L.6.47e,LANTAI 1,M.004f,12
a. Bahan,SNI-L.6.47f,LANTAI 1,M.004g,12
a. Bahan,SNI-L.6.47g,LANTAI 1,M.004g.1,12
a. Bahan,SNI-L.6.47h,LANTAI 1,M.004g.2,12
a. Bahan,SNI-L.6.48,LANTAI 1,M.004h,10
a. Bahan,SNI-L.6.48a,LANTAI 1,M.004i,7
a. Bahan,SNI-L.6.48b,LANTAI 1,M.004j,7
a. Bahan,SNI-L.6.48d,LANTAI 1,M.004j.2,7
a. Bahan,SNI-L.6.48c,LANTAI 1,M.004j.1,7
a. Bahan,SNI-L.6.48e,LANTAI 1,M.004k,12
a. Bahan,SNI-L.6.48f,LANTAI 1,M.004l,12
a. Bahan,SNI-L.6.48g,LANTAI 1,M.004l.1,12
a. Bahan,SNI-L.6.48h,LANTAI 1,M.004l.2,12
a. Bahan,SNI-L.6.68,LANTAI 1,M.004m,26.5
a. Bahan,SNI-L.6.68,LANTAI 1,M.002a,9.3
a. Bahan,SNI-L.6.68,LANTAI 1,M.001a,0.018
a. Bahan,SNI-L.6.68,LANTAI 1,M.002b,1.5
b. Upah,SNI-L.6.68,LANTAI 1,L.008,0.6
b. Upah,SNI-L.6.68,LANTAI 1,L.001,0.1
b. Upah,SNI-L.6.68,LANTAI 1,L.007,0.045
b. Upah,SNI-L.6.68,LANTAI 1,L.010,0.03
b. Upah,SNI-L.6.68a,LANTAI 1,L.010,0.03
b. Upah,SNI-L.6.68a,LANTAI 1,L.007,0.045
b. Upah,SNI-L.6.68a,LANTAI 1,L.001,0.1
b. Upah,SNI-L.6.68a,LANTAI 1,L.008,0.6
a. Bahan,SNI-L.6.68a,LANTAI 1,M.002b,1.5
a. Bahan,SNI-L.6.68a,LANTAI 1,M.001a,0.018
a. Bahan,SNI-L.6.68a,LANTAI 1,M.002a,9.3
b. Upah,SNI-L.6.68b,LANTAI 1,L.010,0.03
b. Upah,SNI-L.6.68b,LANTAI 1,L.007,0.045
b. Upah,SNI-L.6.68b,LANTAI 1,L.001,0.1
b. Upah,SNI-L.6.68b,LANTAI 1,L.008,0.6
a. Bahan,SNI-L.6.68b,LANTAI 1,M.002b,1.5
a. Bahan,SNI-L.6.68b,LANTAI 1,M.001a,0.018
a. Bahan,SNI-L.6.68b,LANTAI 1,M.002a,9.3
a. Bahan,SNI-L.6.68b,LANTAI 1,M.004m,26.5
b. Upah,SNI-L.6.68c,LANTAI 1,L.010,0.03
b. Upah,SNI-L.6.68c,LANTAI 1,L.007,0.045
b. Upah,SNI-L.6.68c,LANTAI 1,L.001,0.1
a. Bahan,SNI-L.6.68b,LANTAI 1,M.004o.1,21
b. Upah,SNI-H.6.2,LANTAI 1,L.007,0.008
b. Upah,SNI-H.6.2,LANTAI 1,L.002,0.075
b. Upah,SNI-H.6.2,LANTAI 1,L.008,0.15
a. Bahan,SNI-H.6.2,LANTAI 1,M.010b,25
a. Bahan,SNI-H.6.4,LANTAI 1,M.010c,5
a. Bahan,SNI-H.6.4,LANTAI 1,M.002a,8
a. Bahan,SNI-H.6.4,LANTAI 1,M.001a,0.032
b. Upah,SNI-H.6.4,LANTAI 1,L.008,0.4
b. Upah,SNI-H.6.4,LANTAI 1,L.002,0.2
b. Upah,SNI-H.6.4,LANTAI 1,L.007,0.02
b. Upah,SNI-H.6.4,LANTAI 1,L.010,0.002
a. Bahan,SNI-H.6.12,LANTAI 1,M.010o,0.35
a. Bahan,SNI-H.6.12,LANTAI 1,M.006b,0.12
b. Upah,SNI-H.6.12,LANTAI 1,L.008,0.14
b. Upah,SNI-H.6.12,LANTAI 1,L.002,0.07
b. Upah,SNI-H.6.12,LANTAI 1,L.007,0.007
b. Upah,SNI-H.6.12,LANTAI 1,L.010,0.007
b. Upah,SNI-H.6.13,LANTAI 1,L.010,0.007
b. Upah,SNI-H.6.13,LANTAI 1,L.007,0.007
b. Upah,SNI-H.6.13,LANTAI 1,L.002,0.07
b. Upah,SNI-H.6.13,LANTAI 1,L.008,0.14
a. Bahan,SNI-H.6.13,LANTAI 1,M.006b,0.12
b. Upah,SNI-H.6.14,LANTAI 1,L.010,0.007
b. Upah,SNI-H.6.14,LANTAI 1,L.007,0.007
b. Upah,SNI-H.6.14,LANTAI 1,L.002,0.067
b. Upah,SNI-H.6.14,LANTAI 1,L.008,0.14
a. Bahan,SNI-H.6.14,LANTAI 1,M.006b,0.12
b. Upah,SNI-H.6.15,LANTAI 1,L.010,0.007
b. Upah,SNI-H.6.15,LANTAI 1,L.007,0.007
b. Upah,SNI-H.6.15,LANTAI 1,L.002,0.067
b. Upah,SNI-H.6.15,LANTAI 1,L.008,0.14
a. Bahan,SNI-H.6.15,LANTAI 1,M.006b,0.12
b. Upah,SNI-H.6.16,LANTAI 1,L.010,0.007
b. Upah,SNI-H.6.16,LANTAI 1,L.007,0.007
b. Upah,SNI-H.6.16,LANTAI 1,L.002,0.067
b. Upah,SNI-H.6.16,LANTAI 1,L.008,0.14
a. Bahan,SNI-H.6.16,LANTAI 1,M.006b,0.12
a. Bahan,SNI-H.6.13,LANTAI 1,M.010p,0.42
a. Bahan,SNI-H.6.14,LANTAI 1,M.010q,0.44
a. Bahan,SNI-H.6.15,LANTAI 1,M.010r,0.51
a. Bahan,SNI-H.6.16,LANTAI 1,M.010s,0.8
a. Bahan,SNI-H.6.16.a,LANTAI 1,M.010v,0.24
a. Bahan,SNI-H.6.16.a,LANTAI 1,M.006b,0.12
b. Upah,SNI-H.6.16.a,LANTAI 1,L.008,0.14
b. Upah,SNI-H.6.16.a,LANTAI 1,L.002,0.067
b. Upah,SNI-H.6.16.a,LANTAI 1,L.007,0.007
b. Upah,SNI-H.6.16.a,LANTAI 1,L.010,0.007
a. Bahan,SNI-H.6.23,LANTAI 1,M.010t,2.1
a. Bahan,SNI-H.6.23,LANTAI 1,M.006g,6
b. Upah,SNI-H.6.23,LANTAI 1,L.008,0.084
b. Upah,SNI-H.6.23,LANTAI 1,L.002,0.125
b. Upah,SNI-H.6.23,LANTAI 1,L.007,0.013
b. Upah,SNI-H.6.23,LANTAI 1,L.010,0.004
a. Bahan,SNI-H.6.30,LANTAI 1,M.010j,11
a. Bahan,SNI-H.6.30,LANTAI 1,M.006,0.03
b. Upah,SNI-H.6.30,LANTAI 1,L.008,0.2
b. Upah,SNI-H.6.30,LANTAI 1,L.002,0.1
b. Upah,SNI-H.6.30,LANTAI 1,L.007,0.01
b. Upah,SNI-H.6.30,LANTAI 1,L.010,0.01
b. Upah,SNI-H.6.30a,LANTAI 1,L.010,0.01
b. Upah,SNI-H.6.30a,LANTAI 1,L.007,0.01
b. Upah,SNI-H.6.30a,LANTAI 1,L.002,0.1
b. Upah,SNI-H.6.30a,LANTAI 1,L.008,0.2
a. Bahan,SNI-H.6.30a,LANTAI 1,M.006,0.03
b. Upah,SNI-J.6.8,LANTAI 1,L.007,0.3
b. Upah,SNI-J.6.8,LANTAI 1,L.010,0.3
a. Bahan,SNI-J.6.9,LANTAI 1,M.015e,1
b. Upah,SNI-J.6.9,LANTAI 1,L.001,0.075
b. Upah,SNI-J.6.9,LANTAI 1,L.007,0.75
b. Upah,SNI-J.6.9,LANTAI 1,L.010,0.25
d. Lain-lain,SNI-J.6.9,LANTAI 1,XM.015E,0.2
a. Bahan,SNI-J.6.11,LANTAI 1,M.015d.1,1
b. Upah,SNI-J.6.11,LANTAI 1,L.008,3
b. Upah,SNI-J.6.11,LANTAI 1,L.001,4.5
b. Upah,SNI-J.6.11,LANTAI 1,L.007,0.9
b. Upah,SNI-J.6.11,LANTAI 1,L.010,0.9
d. Lain-lain,SNI-J.6.11,LANTAI 1,XM.015D.1,0.12
a. Bahan,SNI-J.6.16,LANTAI 1,M.001m,0.145
a. Bahan,SNI-J.6.16,LANTAI 1,M.002a,44
a. Bahan,SNI-J.6.16,LANTAI 1,M.001a,0.07
a. Bahan,SNI-J.6.16,LANTAI 1,M.001n,0.07
a. Bahan,SNI-J.6.16,LANTAI 1,M.003,1.6
a. Bahan,SNI-J.6.16,LANTAI 1,M.001,0.06
b. Upah,SNI-J.6.16,LANTAI 1,L.008,3.2
b. Upah,SNI-J.6.16,LANTAI 1,L.001,1.015
b. Upah,SNI-J.6.16,LANTAI 1,L.007,0.0015
b. Upah,SNI-J.6.16,LANTAI 1,L.010,0.016
a. Bahan,SNI-J.6.17,LANTAI 1,M.001m,0.25
a. Bahan,SNI-J.6.17,LANTAI 1,M.002a,77
a. Bahan,SNI-J.6.17,LANTAI 1,M.001a,0.13
a. Bahan,SNI-J.6.17,LANTAI 1,M.001n,0.02
a. Bahan,SNI-J.6.17,LANTAI 1,M.003,2.6
a. Bahan,SNI-J.6.17,LANTAI 1,M.001,0.09
b. Upah,SNI-J.6.17,LANTAI 1,L.008,1.42
b. Upah,SNI-J.6.17,LANTAI 1,L.001,0.473
b. Upah,SNI-J.6.17,LANTAI 1,L.007,0.047
b. Upah,SNI-J.6.17,LANTAI 1,L.010,0.071
a. Bahan,SNI-J.6.18,LANTAI 1,M.001m,0.371
a. Bahan,SNI-J.6.18,LANTAI 1,M.002a,114
a. Bahan,SNI-J.6.18,LANTAI 1,M.001a,0.184
a. Bahan,SNI-J.6.18,LANTAI 1,M.001n,0.033
a. Bahan,SNI-J.6.18,LANTAI 1,M.003,4.85
a. Bahan,SNI-J.6.18,LANTAI 1,M.001,0.12
b. Upah,SNI-J.6.18,LANTAI 1,L.009,0.1
b. Upah,SNI-J.6.18,LANTAI 1,L.008,2.16
b. Upah,SNI-J.6.18,LANTAI 1,L.001,0.72
b. Upah,SNI-J.6.18,LANTAI 1,L.007,0.072
b. Upah,SNI-J.6.18,LANTAI 1,L.010,0.108
a. Bahan,SNI-J.6.33,LANTAI 1,M.015f,1
a. Bahan,SNI-J.6.33,LANTAI 1,M.015g,1
b. Upah,SNI-J.6.33,LANTAI 1,L.008,0.03
b. Upah,SNI-J.6.33,LANTAI 1,L.001,0.3
b. Upah,SNI-J.6.33,LANTAI 1,L.007,0.03
b. Upah,SNI-J.6.33,LANTAI 1,L.010,0.0015
a. Bahan,SNI-J.6.35,LANTAI 1,M.015h,1
a. Bahan,SNI-J.6.35,LANTAI 1,M.015i,0.025
b. Upah,SNI-J.6.35,LANTAI 1,L.008,0.01
b. Upah,SNI-J.6.35,LANTAI 1,L.001,0.1
b. Upah,SNI-J.6.35,LANTAI 1,L.007,0.01
b. Upah,SNI-J.6.35,LANTAI 1,L.010,0.005
a. Bahan,SNI-J.6.35a,LANTAI 1,M.015h.1,1
a. Bahan,SNI-J.6.35a,LANTAI 1,M.015i,0.025
b. Upah,SNI-J.6.35a,LANTAI 1,L.008,0.01
b. Upah,SNI-J.6.35a,LANTAI 1,L.001,0.1
b. Upah,SNI-J.6.35a,LANTAI 1,L.007,0.01
b. Upah,SNI-J.6.35a,LANTAI 1,L.010,0.005
a. Bahan,SNI-J.6.36,LANTAI 1,M.015j,1
b. Upah,SNI-J.6.36,LANTAI 1,L.008,0.01
a. Bahan,BOW-Supl.IVj,LANTAI 1,M.004v,1
a. Bahan,BOW-Supl.IVj,LANTAI 1,M.003a,0.07
a. Bahan,BOW-Supl.IVj,LANTAI 1,M.006i,20
a. Bahan,BOW-Supl.IVj,LANTAI 1,M.002a,17.489
a. Bahan,BOW-Supl.IVj,LANTAI 1,M.001a,0.014
b. Upah,BOW-Supl.IVj,LANTAI 1,L.008,12
b. Upah,BOW-Supl.IVj,LANTAI 1,L.011,8
b. Upah,BOW-Supl.IVj,LANTAI 1,L.007,0.8
b. Upah,BOW-Supl.IVj,LANTAI 1,L.010,0.3
a. Bahan,SNI-J.6.19,LANTAI 1,M.016,1.2
d. Lain-lain,SNI-J.6.19,LANTAI 1,XM.016,0.35
b. Upah,SNI-J.6.19,LANTAI 1,L.008,0.054
b. Upah,SNI-J.6.19,LANTAI 1,L.001,0.09
b. Upah,SNI-J.6.19,LANTAI 1,L.007,0.009
b. Upah,SNI-J.6.19,LANTAI 1,L.010,0.027
a. Bahan,SNI-J.6.20,LANTAI 1,M.016A,1.2
d. Lain-lain,SNI-J.6.20,LANTAI 1,XM.016A,0.35
b. Upah,SNI-J.6.20,LANTAI 1,L.008,0.054
b. Upah,SNI-J.6.20,LANTAI 1,L.001,0.09
b. Upah,SNI-J.6.20,LANTAI 1,L.007,0.009
b. Upah,SNI-J.6.20,LANTAI 1,L.010,0.027
a. Bahan,SNI-J.6.21,LANTAI 1,M.016B,1.2
d. Lain-lain,SNI-J.6.21,LANTAI 1,XM.016B,0.35
b. Upah,SNI-J.6.21,LANTAI 1,L.008,0.054
b. Upah,SNI-J.6.21,LANTAI 1,L.001,0.09
b. Upah,SNI-J.6.21,LANTAI 1,L.007,0.009
b. Upah,SNI-J.6.21,LANTAI 1,L.010,0.027
a. Bahan,SNI-J.6.22,LANTAI 1,M.016C,1.2
d. Lain-lain,SNI-J.6.22,LANTAI 1,XM.016C,0.35
b. Upah,SNI-J.6.22,LANTAI 1,L.008,0.108
b. Upah,SNI-J.6.22,LANTAI 1,L.001,0.18
b. Upah,SNI-J.6.22,LANTAI 1,L.007,0.018
b. Upah,SNI-J.6.22,LANTAI 1,L.010,0.0054
a. Bahan,SNI-J.6.22a,LANTAI 1,M.016D,1.2
d. Lain-lain,SNI-J.6.22a,LANTAI 1,XM.016D,0.35
b. Upah,SNI-J.6.22a,LANTAI 1,L.008,0.108
b. Upah,SNI-J.6.22a,LANTAI 1,L.001,0.18
b. Upah,SNI-J.6.22a,LANTAI 1,L.007,0.018
b. Upah,SNI-J.6.22a,LANTAI 1,L.010,0.0054
a. Bahan,SNI-J.6.23,LANTAI 1,M.016E,1.2
d. Lain-lain,SNI-J.6.23,LANTAI 1,XM.016E,0.35
b. Upah,SNI-J.6.23,LANTAI 1,L.008,0.108
b. Upah,SNI-J.6.23,LANTAI 1,L.001,0.18
b. Upah,SNI-J.6.23,LANTAI 1,L.007,0.018
b. Upah,SNI-J.6.23,LANTAI 1,L.010,0.0054
d. Lain-lain,SNI-J.6.24,LANTAI 1,XM.016F,0.35
b. Upah,SNI-J.6.24,LANTAI 1,L.008,0.135
b. Upah,SNI-J.6.24,LANTAI 1,L.001,0.225
b. Upah,SNI-J.6.24,LANTAI 1,L.007,0.0225
b. Upah,SNI-J.6.24,LANTAI 1,L.010,0.0068
a. Bahan,SNI-J.6.24,LANTAI 1,M.016F,1.2
b. Upah,SNI-J.6.25,LANTAI 1,L.008,0.036
b. Upah,SNI-J.6.25,LANTAI 1,L.001,0.06
b. Upah,SNI-J.6.25,LANTAI 1,L.007,0.006
b. Upah,SNI-J.6.25,LANTAI 1,L.010,0.0018
d. Lain-lain,SNI-J.6.25,LANTAI 1,XM.016G,1.2
a. Bahan,SNI-J.6.25,LANTAI 1,M.016G,0.35
d. Lain-lain,SNI-J.6.26,LANTAI 1,XM.016H,0.35
a. Bahan,SNI-J.6.26,LANTAI 1,M.016H,1.2
b. Upah,SNI-J.6.26,LANTAI 1,L.008,0.036
b. Upah,SNI-J.6.26,LANTAI 1,L.001,0.06
b. Upah,SNI-J.6.26,LANTAI 1,L.007,0.006
b. Upah,SNI-J.6.27,LANTAI 1,L.010,0.0018
a. Bahan,SNI-H.6.30a,LANTAI 1,M.010e,18
a. Bahan,SNI-H.6.34,LANTAI 1,M.010i,3.5
a. Bahan,SNI-H.6.34,LANTAI 1,M.006,0.05
a. Bahan,SNI-H.6.34,LANTAI 1,M.002a,10.8
a. Bahan,SNI-H.6.34,LANTAI 1,M.001a,0.032
a. Bahan,SNI-H.6.34,LANTAI 1,M.002b,1
b. Upah,SNI-H.6.34,LANTAI 1,L.008,0.4
b. Upah,SNI-H.6.34,LANTAI 1,L.002,0.2
b. Upah,SNI-H.6.34,LANTAI 1,L.007,0.02
b. Upah,SNI-H.6.34,LANTAI 1,L.010,0.02
b. Upah,SNI-H.6.34a,LANTAI 1,L.010,0.02
b. Upah,SNI-H.6.34a,LANTAI 1,L.007,0.02
b. Upah,SNI-H.6.34a,LANTAI 1,L.002,0.2
b. Upah,SNI-H.6.34a,LANTAI 1,L.008,0.4
a. Bahan,SNI-H.6.34a,LANTAI 1,M.002b,1
a. Bahan,SNI-H.6.34a,LANTAI 1,M.001a,0.032
a. Bahan,SNI-H.6.34a,LANTAI 1,M.002a,10.8
a. Bahan,SNI-H.6.34a,LANTAI 1,M.006,0.05
a. Bahan,SNI-H.6.34a,LANTAI 1,M.010f,3.5
a. Bahan,SNI-H.6.38,LANTAI 1,M.010l,0.7
a. Bahan,SNI-H.6.38,LANTAI 1,M.006c,0.02
b. Upah,SNI-H.6.38,LANTAI 1,L.008,0.12
b. Upah,SNI-H.6.38,LANTAI 1,L.002,0.06
b. Upah,SNI-H.6.38,LANTAI 1,L.007,0.006
b. Upah,SNI-H.6.38,LANTAI 1,L.010,0.006
a. Bahan,SNI-H.6.39,LANTAI 1,M.010n,0.3
a. Bahan,SNI-H.6.39,LANTAI 1,M.006c,0.04
b. Upah,SNI-H.6.39,LANTAI 1,L.008,0.15
b. Upah,SNI-H.6.39,LANTAI 1,L.002,0.07
b. Upah,SNI-H.6.39,LANTAI 1,L.007,0.008
b. Upah,SNI-H.6.39,LANTAI 1,L.010,0.006
a. Bahan,SNI-H.6.40,LANTAI 1,M.010n,0.5
a. Bahan,SNI-H.6.40,LANTAI 1,M.006c,0.015
a. Bahan,SNI-H.6.40,LANTAI 1,M.005l,0.0096
a. Bahan,SNI-H.6.40,LANTAI 1,M.011h,0.25
b. Upah,SNI-H.6.40,LANTAI 1,L.008,0.15
b. Upah,SNI-H.6.40,LANTAI 1,L.002,0.4
b. Upah,SNI-H.6.40,LANTAI 1,L.007,0.025
b. Upah,SNI-H.6.40,LANTAI 1,L.010,0.0013
b. Upah,SNI-H.6.40a,LANTAI 1,L.010,0.0013
b. Upah,SNI-H.6.40a,LANTAI 1,L.007,0.025
b. Upah,SNI-H.6.40a,LANTAI 1,L.002,0.4
b. Upah,SNI-H.6.40a,LANTAI 1,L.008,0.04
a. Bahan,SNI-H.6.40a,LANTAI 1,M.011h,0.3
a. Bahan,SNI-H.6.40a,LANTAI 1,M.006c,0.015
a. Bahan,SNI-H.6.40a,LANTAI 1,M.010n,0.5
a. Bahan,SNI-H.6.40a,LANTAI 1,M.005m,0.019
a. Bahan,SNI-H.6.41,LANTAI 1,M.010n,0.5
a. Bahan,SNI-H.6.41,LANTAI 1,M.006c,0.015
a. Bahan,SNI-H.6.41,LANTAI 1,M.005l,0.019
a. Bahan,SNI-H.6.41,LANTAI 1,M.011h,0.3
b. Upah,SNI-H.6.41,LANTAI 1,L.008,0.04
b. Upah,SNI-H.6.41,LANTAI 1,L.002,0.4
b. Upah,SNI-H.6.41,LANTAI 1,L.007,0.025
b. Upah,SNI-H.6.41,LANTAI 1,L.010,0.0013
b. Upah,SNI-H.6.41a,LANTAI 1,L.010,0.0013
b. Upah,SNI-H.6.41a,LANTAI 1,L.007,0.025
b. Upah,SNI-H.6.41a,LANTAI 1,L.002,0.4
b. Upah,SNI-H.6.41a,LANTAI 1,L.008,0.04
a. Bahan,SNI-H.6.41a,LANTAI 1,M.011h,0.3
a. Bahan,SNI-H.6.41a,LANTAI 1,M.006c,0.015
a. Bahan,SNI-H.6.41a,LANTAI 1,M.010n,0.5
b. Upah,SNI-J.6.8,LANTAI 1,L.001,3
b. Upah,SNI-J.6.36,LANTAI 1,L.001,0.1
b. Upah,SNI-J.6.36,LANTAI 1,L.007,0.01
b. Upah,SNI-J.6.36,LANTAI 1,L.010,0.005
a. Bahan,SNI-K.6.1,LANTAI 1,M.014,1
b. Upah,SNI-K.6.1,LANTAI 1,L.008,0.06
b. Upah,SNI-K.6.1,LANTAI 1,L.002,0.6
b. Upah,SNI-K.6.1,LANTAI 1,L.007,0.06
b. Upah,SNI-K.6.1,LANTAI 1,L.010,0.003
a. Bahan,SNI-K.6.2,LANTAI 1,M.014a,1
b. Upah,SNI-K.6.2,LANTAI 1,L.008,0.01
b. Upah,SNI-K.6.2,LANTAI 1,L.002,0.5
b. Upah,SNI-K.6.2,LANTAI 1,L.007,0.01
b. Upah,SNI-K.6.2,LANTAI 1,L.010,0.005
b. Upah,SNI-K.6.3,LANTAI 1,L.010,0.005
b. Upah,SNI-K.6.3,LANTAI 1,L.007,0.01
b. Upah,SNI-K.6.3,LANTAI 1,L.002,0.5
b. Upah,SNI-K.6.3,LANTAI 1,L.008,0.01
a. Bahan,SNI-K.6.3,LANTAI 1,M.014b,1
a. Bahan,SNI-K.6.5,LANTAI 1,M.014c,1
b. Upah,SNI-K.6.5,LANTAI 1,L.008,0.015
b. Upah,SNI-K.6.5,LANTAI 1,L.002,0.15
b. Upah,SNI-K.6.5,LANTAI 1,L.007,0.015
b. Upah,SNI-K.6.5,LANTAI 1,L.010,0.0008
a. Bahan,SNI-K.6.6,LANTAI 1,M.014d,1
b. Upah,SNI-K.6.6,LANTAI 1,L.008,0.015
b. Upah,SNI-K.6.6,LANTAI 1,L.002,0.15
b. Upah,SNI-K.6.6,LANTAI 1,L.007,0.015
b. Upah,SNI-K.6.6,LANTAI 1,L.010,0.0008
b. Upah,SNI-K.6.7,LANTAI 1,L.010,0.0008
b. Upah,SNI-K.6.7,LANTAI 1,L.007,0.015
b. Upah,SNI-K.6.7,LANTAI 1,L.002,0.15
b. Upah,SNI-K.6.7,LANTAI 1,L.008,0.015
b. Upah,SNI-K.6.9,LANTAI 1,L.010,0.0008
b. Upah,SNI-K.6.9,LANTAI 1,L.007,0.015
b. Upah,SNI-K.6.9,LANTAI 1,L.002,0.15
b. Upah,SNI-K.6.9,LANTAI 1,L.008,0.015
b. Upah,SNI-K.6.9.a,LANTAI 1,L.010,0.0008
b. Upah,SNI-K.6.9.a,LANTAI 1,L.007,0.015
b. Upah,SNI-K.6.9.a,LANTAI 1,L.002,0.15
b. Upah,SNI-K.6.9.a,LANTAI 1,L.008,0.015
a. Bahan,SNI-K.6.7,LANTAI 1,M.014e,1
a. Bahan,SNI-K.6.9,LANTAI 1,M.014f,1
a. Bahan,SNI-K.6.9.a,LANTAI 1,M.014f.1,1
a. Bahan,SNI-K.6.10,LANTAI 1,M.014g,1
b. Upah,SNI-K.6.10,LANTAI 1,L.008,0.05
b. Upah,SNI-K.6.10,LANTAI 1,L.002,0.5
b. Upah,SNI-K.6.10,LANTAI 1,L.007,0.05
b. Upah,SNI-K.6.10,LANTAI 1,L.010,0.0025
a. Bahan,SNI-K.6.11,LANTAI 1,M.014h,1
b. Upah,SNI-K.6.11,LANTAI 1,L.008,0.02
b. Upah,SNI-K.6.11,LANTAI 1,L.002,0.2
b. Upah,SNI-K.6.11,LANTAI 1,L.007,0.02
b. Upah,SNI-K.6.11,LANTAI 1,L.010,0.001
a. Bahan,SNI-K.6.12,LANTAI 1,M.014i,1
b. Upah,SNI-K.6.12,LANTAI 1,L.008,0.05
b. Upah,SNI-K.6.12,LANTAI 1,L.002,0.5
b. Upah,SNI-K.6.12,LANTAI 1,L.007,0.05
b. Upah,SNI-K.6.12,LANTAI 1,L.010,0.0005
a. Bahan,SNI-K.6.13,LANTAI 1,M.014j,1
b. Upah,SNI-K.6.13,LANTAI 1,L.008,0.01
b. Upah,SNI-K.6.13,LANTAI 1,L.002,0.1
b. Upah,SNI-K.6.13,LANTAI 1,L.007,0.01
b. Upah,SNI-K.6.13,LANTAI 1,L.010,0.0005
a. Bahan,SNI-K.6.14,LANTAI 1,M.014k,1
b. Upah,SNI-K.6.14,LANTAI 1,L.008,0.06
b. Upah,SNI-K.6.14,LANTAI 1,L.002,0.6
b. Upah,SNI-K.6.14,LANTAI 1,L.007,0.06
b. Upah,SNI-K.6.14,LANTAI 1,L.010,0.003
a. Bahan,SNI-K.6.16,LANTAI 1,M.008,1.1
b. Upah,SNI-K.6.16,LANTAI 1,L.008,0.015
b. Upah,SNI-K.6.16,LANTAI 1,L.002,0.15
b. Upah,SNI-K.6.16,LANTAI 1,L.007,0.015
b. Upah,SNI-K.6.16,LANTAI 1,L.010,0.0008
b. Upah,SNI-K.6.17,LANTAI 1,L.010,0.0008
b. Upah,SNI-K.6.17,LANTAI 1,L.007,0.015
b. Upah,SNI-K.6.17,LANTAI 1,L.002,0.15
b. Upah,SNI-K.6.17,LANTAI 1,L.008,0.015
a. Bahan,SNI-K.6.17,LANTAI 1,M.008a,1.1
a. Bahan,SNI-K.6.18,LANTAI 1,M.008b,1.1
b. Upah,SNI-K.6.18,LANTAI 1,L.008,0.0165
b. Upah,SNI-K.6.18,LANTAI 1,L.002,0.165
b. Upah,SNI-K.6.18,LANTAI 1,L.007,0.0165
b. Upah,SNI-K.6.18,LANTAI 1,L.010,0.0008
a. Bahan,SNI-K.6.20,LANTAI 1,M.008c,1.1
b. Upah,SNI-K.6.20,LANTAI 1,L.008,0.015
b. Upah,SNI-K.6.20,LANTAI 1,L.010,0.0008
b. Upah,SNI-K.6.20,LANTAI 1,L.002,0.15
b. Upah,SNI-K.6.20,LANTAI 1,L.007,0.015
a. Bahan,SNI-L.6.2,LANTAI 1,M.004q,11.87
a. Bahan,SNI-L.6.2,LANTAI 1,M.002a,10
a. Bahan,SNI-L.6.2,LANTAI 1,M.001a,0.0215
b. Upah,SNI-L.6.2,LANTAI 1,L.008,0.26
b. Upah,SNI-L.6.2,LANTAI 1,L.001,0.125
b. Upah,SNI-L.6.2,LANTAI 1,L.007,0.0125
b. Upah,SNI-L.6.2,LANTAI 1,L.010,0.013
b. Upah,SNI-L.6.3,LANTAI 1,L.010,0.0135
b. Upah,SNI-L.6.3,LANTAI 1,L.007,0.013
b. Upah,SNI-L.6.3,LANTAI 1,L.001,0.13
b. Upah,SNI-L.6.3,LANTAI 1,L.008,0.27
a. Bahan,SNI-L.6.3,LANTAI 1,M.001a,0.0135
a. Bahan,SNI-L.6.3,LANTAI 1,M.002a,10.4
a. Bahan,SNI-L.6.3,LANTAI 1,M.004p,26.5
a. Bahan,SNI-L.6.44,LANTAI 1,M.004,26.5
a. Bahan,SNI-L.6.44,LANTAI 1,M.002a,11.38
a. Bahan,SNI-L.6.44,LANTAI 1,M.001a,0.042
a. Bahan,SNI-L.6.44,LANTAI 1,M.002b,1.5
b. Upah,SNI-L.6.44,LANTAI 1,L.008,0.62
b. Upah,SNI-L.6.44,LANTAI 1,L.001,0.35
b. Upah,SNI-L.6.44,LANTAI 1,L.007,0.035
b. Upah,SNI-L.6.44,LANTAI 1,L.010,0.03
b. Upah,SNI-L.6.44a,LANTAI 1,L.010,0.03
b. Upah,SNI-L.6.44a,LANTAI 1,L.007,0.035
b. Upah,SNI-L.6.44a,LANTAI 1,L.001,0.35
b. Upah,SNI-L.6.44a,LANTAI 1,L.008,0.62
a. Bahan,SNI-L.6.44a,LANTAI 1,M.002b,1.5
a. Bahan,SNI-L.6.44a,LANTAI 1,M.001a,0.042
a. Bahan,SNI-L.6.44a,LANTAI 1,M.002a,11.38
b. Upah,SNI-L.6.44b,LANTAI 1,L.010,0.03
b. Upah,SNI-L.6.44b,LANTAI 1,L.007,0.035
b. Upah,SNI-L.6.44b,LANTAI 1,L.001,0.35
b. Upah,SNI-L.6.44b,LANTAI 1,L.008,0.62
a. Bahan,SNI-L.6.44b,LANTAI 1,M.002b,1.5
a. Bahan,SNI-L.6.44b,LANTAI 1,M.001a,0.042
a. Bahan,SNI-L.6.44b,LANTAI 1,M.002a,11.38
b. Upah,SNI-L.6.47,LANTAI 1,L.010,0.03
b. Upah,SNI-L.6.47,LANTAI 1,L.007,0.035
b. Upah,SNI-L.6.47,LANTAI 1,L.001,0.35
b. Upah,SNI-L.6.68c,LANTAI 1,L.008,0.6
a. Bahan,SNI-L.6.68c,LANTAI 1,M.002b,1.5
b. Upah,SNI-L.6.47,LANTAI 1,L.008,0.62
a. Bahan,SNI-L.6.47,LANTAI 1,M.002b,1.5
a. Bahan,SNI-L.6.47,LANTAI 1,M.001a,0.042
a. Bahan,SNI-L.6.47,LANTAI 1,M.002a,11.38
b. Upah,SNI-L.6.47a,LANTAI 1,L.010,0.03
b. Upah,SNI-L.6.47a,LANTAI 1,L.007,0.035
b. Upah,SNI-L.6.47a,LANTAI 1,L.001,0.35
b. Upah,SNI-L.6.47a,LANTAI 1,L.008,0.62
a. Bahan,SNI-L.6.47a,LANTAI 1,M.002b,1.5
a. Bahan,SNI-L.6.47a,LANTAI 1,M.001a,0.042
a. Bahan,SNI-L.6.47a,LANTAI 1,M.002a,11.38
b. Upah,SNI-L.6.47b,LANTAI 1,L.010,0.03
b. Upah,SNI-L.6.47b,LANTAI 1,L.007,0.035
b. Upah,SNI-L.6.47b,LANTAI 1,L.001,0.35
b. Upah,SNI-L.6.47b,LANTAI 1,L.008,0.62
a. Bahan,SNI-L.6.47b,LANTAI 1,M.002b,1.5
a. Bahan,SNI-L.6.47b,LANTAI 1,M.001a,0.042
a. Bahan,SNI-L.6.47b,LANTAI 1,M.002a,11.38
b. Upah,SNI-L.6.47c,LANTAI 1,L.010,0.03
b. Upah,SNI-L.6.47c,LANTAI 1,L.007,0.035
b. Upah,SNI-L.6.47c,LANTAI 1,L.001,0.35
b. Upah,SNI-L.6.47c,LANTAI 1,L.008,0.62
a. Bahan,SNI-L.6.47c,LANTAI 1,M.002b,1.5
a. Bahan,SNI-L.6.47c,LANTAI 1,M.001a,0.042
a. Bahan,SNI-L.6.47c,LANTAI 1,M.002a,11.38
b. Upah,SNI-L.6.47d,LANTAI 1,L.010,0.03
b. Upah,SNI-L.6.47d,LANTAI 1,L.007,0.035
b. Upah,SNI-L.6.47d,LANTAI 1,L.001,0.35
b. Upah,SNI-L.6.47d,LANTAI 1,L.008,0.62
a. Bahan,SNI-L.6.47d,LANTAI 1,M.002b,1.5
a. Bahan,SNI-L.6.47d,LANTAI 1,M.001a,0.042
a. Bahan,SNI-L.6.47d,LANTAI 1,M.002a,11.38
b. Upah,SNI-L.6.47e,LANTAI 1,L.010,0.03
b. Upah,SNI-L.6.47e,LANTAI 1,L.007,0.035
b. Upah,SNI-L.6.47e,LANTAI 1,L.001,0.35
b. Upah,SNI-L.6.47e,LANTAI 1,L.008,0.62
a. Bahan,SNI-L.6.47e,LANTAI 1,M.002b,1.5
a. Bahan,SNI-L.6.47e,LANTAI 1,M.001a,0.042
a. Bahan,SNI-L.6.47e,LANTAI 1,M.002a,11.38
b. Upah,SNI-L.6.47f,LANTAI 1,L.010,0.03
b. Upah,SNI-L.6.47f,LANTAI 1,L.007,0.035
b. Upah,SNI-L.6.47f,LANTAI 1,L.001,0.35
b. Upah,SNI-L.6.47f,LANTAI 1,L.008,0.62
a. Bahan,SNI-L.6.47f,LANTAI 1,M.002b,1.5
a. Bahan,SNI-L.6.47f,LANTAI 1,M.001a,0.042
a. Bahan,SNI-L.6.47f,LANTAI 1,M.002a,11.38
b. Upah,SNI-L.6.47g,LANTAI 1,L.010,0.03
b. Upah,SNI-L.6.47g,LANTAI 1,L.007,0.035
b. Upah,SNI-L.6.47g,LANTAI 1,L.001,0.35
b. Upah,SNI-L.6.47g,LANTAI 1,L.008,0.62
a. Bahan,SNI-L.6.47g,LANTAI 1,M.002b,1.5
a. Bahan,SNI-L.6.47g,LANTAI 1,M.001a,0.042
a. Bahan,SNI-L.6.47g,LANTAI 1,M.002a,11.38
b. Upah,SNI-L.6.47h,LANTAI 1,L.010,0.03
a. Bahan,SNI-L.6.68c,LANTAI 1,M.001a,0.018
a. Bahan,SNI-L.6.68c,LANTAI 1,M.002a,9.3
b. Upah,SNI-L.6.68d,LANTAI 1,L.010,0.03
b. Upah,SNI-L.6.68d,LANTAI 1,L.007,0.045
b. Upah,SNI-L.6.68d,LANTAI 1,L.001,0.1
b. Upah,SNI-L.6.68d,LANTAI 1,L.008,0.6
a. Bahan,SNI-L.6.68d,LANTAI 1,M.002b,1.5
a. Bahan,SNI-L.6.68d,LANTAI 1,M.004o.2,21
b. Upah,SNI-L.6.47h,LANTAI 1,L.007,0.035
b. Upah,SNI-L.6.47h,LANTAI 1,L.001,0.35
b. Upah,SNI-L.6.47h,LANTAI 1,L.008,0.62
a. Bahan,SNI-L.6.47h,LANTAI 1,M.002b,1.5
a. Bahan,SNI-L.6.47h,LANTAI 1,M.001a,0.042
a. Bahan,SNI-L.6.47h,LANTAI 1,M.002a,11.38
b. Upah,SNI-L.6.48,LANTAI 1,L.010,0.03
b. Upah,SNI-L.6.48,LANTAI 1,L.007,0.035
b. Upah,SNI-L.6.48,LANTAI 1,L.001,0.35
b. Upah,SNI-L.6.48,LANTAI 1,L.008,0.62
a. Bahan,SNI-L.6.48,LANTAI 1,M.002b,1.5
a. Bahan,SNI-L.6.48,LANTAI 1,M.001a,0.042
a. Bahan,SNI-L.6.48,LANTAI 1,M.002a,11.38
b. Upah,SNI-L.6.48a,LANTAI 1,L.010,0.03
b. Upah,SNI-L.6.48a,LANTAI 1,L.007,0.035
b. Upah,SNI-L.6.48a,LANTAI 1,L.001,0.35
b. Upah,SNI-L.6.48a,LANTAI 1,L.008,0.62
a. Bahan,SNI-L.6.48a,LANTAI 1,M.002b,1.5
a. Bahan,SNI-L.6.48a,LANTAI 1,M.001a,0.042
a. Bahan,SNI-L.6.48a,LANTAI 1,M.002a,11.38
b. Upah,SNI-L.6.48b,LANTAI 1,L.010,0.03
b. Upah,SNI-L.6.48b,LANTAI 1,L.007,0.035
b. Upah,SNI-L.6.48b,LANTAI 1,L.001,0.35
b. Upah,SNI-L.6.48b,LANTAI 1,L.008,0.62
a. Bahan,SNI-L.6.48b,LANTAI 1,M.002b,1.5
a. Bahan,SNI-L.6.48b,LANTAI 1,M.001a,0.042
a. Bahan,SNI-L.6.48b,LANTAI 1,M.002a,11.38
b. Upah,SNI-L.6.48c,LANTAI 1,L.010,0.03
b. Upah,SNI-L.6.48c,LANTAI 1,L.007,0.035
b. Upah,SNI-L.6.48c,LANTAI 1,L.001,0.35
b. Upah,SNI-L.6.48c,LANTAI 1,L.008,0.62
a. Bahan,SNI-L.6.48c,LANTAI 1,M.002b,1.5
a. Bahan,SNI-L.6.48c,LANTAI 1,M.001a,0.042
a. Bahan,SNI-L.6.48c,LANTAI 1,M.002a,11.38
b. Upah,SNI-L.6.48d,LANTAI 1,L.010,0.03
b. Upah,SNI-L.6.48d,LANTAI 1,L.007,0.035
b. Upah,SNI-L.6.48d,LANTAI 1,L.001,0.35
b. Upah,SNI-L.6.48d,LANTAI 1,L.008,0.62
a. Bahan,SNI-L.6.48d,LANTAI 1,M.002b,1.5
a. Bahan,SNI-L.6.48d,LANTAI 1,M.001a,0.042
a. Bahan,SNI-L.6.48d,LANTAI 1,M.002a,11.38
b. Upah,SNI-L.6.48e,LANTAI 1,L.010,0.03
b. Upah,SNI-L.6.48e,LANTAI 1,L.007,0.035
b. Upah,SNI-L.6.48e,LANTAI 1,L.001,0.35
b. Upah,SNI-L.6.48e,LANTAI 1,L.008,0.62
a. Bahan,SNI-L.6.48e,LANTAI 1,M.002b,1.5
a. Bahan,SNI-L.6.48e,LANTAI 1,M.001a,0.042
a. Bahan,SNI-L.6.48e,LANTAI 1,M.002a,11.38
b. Upah,SNI-L.6.48f,LANTAI 1,L.010,0.03
b. Upah,SNI-L.6.48f,LANTAI 1,L.007,0.035
b. Upah,SNI-L.6.48f,LANTAI 1,L.001,0.35
b. Upah,SNI-L.6.48f,LANTAI 1,L.008,0.62
a. Bahan,SNI-L.6.48f,LANTAI 1,M.002b,1.5
a. Bahan,SNI-L.6.48f,LANTAI 1,M.001a,0.042
a. Bahan,SNI-L.6.48f,LANTAI 1,M.002a,11.38
a. Bahan,SNI-L.6.68d,LANTAI 1,M.001a,0.018
a. Bahan,SNI-L.6.68d,LANTAI 1,M.002a,9.3
b. Upah,SNI-L.6.68e,LANTAI 1,L.010,0.03
b. Upah,SNI-L.6.68e,LANTAI 1,L.007,0.045
b. Upah,SNI-L.6.68e,LANTAI 1,L.001,0.1
b. Upah,SNI-L.6.68e,LANTAI 1,L.008,0.6
a. Bahan,SNI-L.6.68e,LANTAI 1,M.004o.3,21
a. Bahan,SNI-L.6.68e,LANTAI 1,M.002b,1.5
a. Bahan,SNI-L.6.68e,LANTAI 1,M.001a,0.018
a. Bahan,SNI-L.6.68e,LANTAI 1,M.002a,9.3
a. Bahan,SNI-L.6.68a,LANTAI 1,M.004n,26.5
a. Bahan,SNI-L.6.68c,LANTAI 1,M.004o.1,21
a. Bahan,SNI-M.6.1,LANTAI 1,M.012l,0.05
b. Upah,SNI-M.6.1,LANTAI 1,L.008,0.15
b. Upah,SNI-M.6.1,LANTAI 1,L.010,0.0025
a. Bahan,SNI-M.6.6,LANTAI 1,M.012e,0.08
a. Bahan,SNI-M.6.6,LANTAI 1,M.011g,0.02
a. Bahan,SNI-M.6.6,LANTAI 1,M.012,0.01
b. Upah,SNI-M.6.6,LANTAI 1,L.008,0.04
b. Upah,SNI-M.6.6,LANTAI 1,L.004,0.04
b. Upah,SNI-M.6.6,LANTAI 1,L.007,0.004
b. Upah,SNI-M.6.6,LANTAI 1,L.010,0.0025
a. Bahan,SNI-M.6.7,LANTAI 1,M.012b,0.15
a. Bahan,SNI-M.6.7,LANTAI 1,M.011,0.34
b. Upah,SNI-M.6.7,LANTAI 1,L.008,0.07
b. Upah,SNI-M.6.7,LANTAI 1,L.004,0.075
b. Upah,SNI-M.6.7,LANTAI 1,L.007,0.0075
b. Upah,SNI-M.6.7,LANTAI 1,L.010,0.0025
a. Bahan,SNI-M.6.8,LANTAI 1,M.011f,0.2
a. Bahan,SNI-M.6.8,LANTAI 1,M.012b,0.15
a. Bahan,SNI-M.6.8,LANTAI 1,M.011,0.43
b. Upah,SNI-M.6.8,LANTAI 1,L.008,0.07
b. Upah,SNI-M.6.8,LANTAI 1,L.004,0.009
b. Upah,SNI-M.6.8,LANTAI 1,L.007,0.006
b. Upah,SNI-M.6.8,LANTAI 1,L.010,0.0025
b. Upah,SNI-M.6.8a,LANTAI 1,L.010,0.0025
b. Upah,SNI-M.6.8a,LANTAI 1,L.007,0.006
b. Upah,SNI-M.6.8a,LANTAI 1,L.004,0.009
b. Upah,SNI-M.6.8a,LANTAI 1,L.008,0.07
a. Bahan,SNI-M.6.8a,LANTAI 1,M.012b,0.15
a. Bahan,SNI-M.6.8a,LANTAI 1,M.011f,0.2
a. Bahan,SNI-M.6.8a,LANTAI 1,M.011a,0.43
a. Bahan,SNI-M.6.9,LANTAI 1,M.011f,0.2
a. Bahan,SNI-M.6.9,LANTAI 1,M.012b,0.15
a. Bahan,SNI-M.6.9,LANTAI 1,M.011,0.52
b. Upah,SNI-M.6.9,LANTAI 1,L.008,0.07
b. Upah,SNI-M.6.9,LANTAI 1,L.004,0.105
b. Upah,SNI-M.6.9,LANTAI 1,L.007,0.004
b. Upah,SNI-M.6.9,LANTAI 1,L.010,0.0025
b. Upah,SNI-M.6.9a,LANTAI 1,L.010,0.0025
b. Upah,SNI-M.6.9a,LANTAI 1,L.007,0.004
b. Upah,SNI-M.6.9a,LANTAI 1,L.004,0.105
b. Upah,SNI-M.6.9a,LANTAI 1,L.008,0.07
a. Bahan,SNI-M.6.9a,LANTAI 1,M.012b,0.15
a. Bahan,SNI-M.6.9a,LANTAI 1,M.011f,0.2
a. Bahan,SNI-M.6.9a,LANTAI 1,M.011a,0.52
a. Bahan,SNI-M.6.11,LANTAI 1,M.012h,0.522
a. Bahan,SNI-M.6.11,LANTAI 1,M.012c,2
b. Upah,SNI-M.6.11,LANTAI 1,L.004,0.06
b. Upah,SNI-M.6.11,LANTAI 1,L.007,0.016
b. Upah,SNI-M.6.11,LANTAI 1,L.010,0.0025
b. Upah,SNI-M.6.11a,LANTAI 1,L.010,0.0025
b. Upah,SNI-M.6.11a,LANTAI 1,L.007,0.016
b. Upah,SNI-M.6.11a,LANTAI 1,L.004,0.06
a. Bahan,SNI-M.6.11a,LANTAI 1,M.012c,2
a. Bahan,SNI-M.6.11a,LANTAI 1,M.012m,0.522
a. Bahan,SNI-M.6.12,LANTAI 1,M.012j,0.35
b. Upah,SNI-M.6.12,LANTAI 1,L.008,0.1
b. Upah,SNI-M.6.12,LANTAI 1,L.010,0.006
a. Bahan,SNI-M.6.14,LANTAI 1,M.012a,0.1
a. Bahan,SNI-M.6.14,LANTAI 1,M.011a.1,0.36
b. Upah,SNI-M.6.14,LANTAI 1,L.008,0.02
b. Upah,SNI-M.6.14,LANTAI 1,L.004,0.063
b. Upah,SNI-M.6.14,LANTAI 1,L.007,0.0063
b. Upah,SNI-M.6.14,LANTAI 1,L.010,0.0025
b. Upah,SNI-M.6.14a,LANTAI 1,L.010,0.0025
b. Upah,SNI-M.6.14a,LANTAI 1,L.007,0.0063
b. Upah,SNI-M.6.14a,LANTAI 1,L.004,0.063
b. Upah,SNI-M.6.14a,LANTAI 1,L.008,0.02
a. Bahan,SNI-M.6.14a,LANTAI 1,M.012a,0.1
b. Upah,SNI-M.6.14b,LANTAI 1,L.010,0.0025
b. Upah,SNI-M.6.14b,LANTAI 1,L.007,0.0063
b. Upah,SNI-M.6.14b,LANTAI 1,L.004,0.063
b. Upah,SNI-M.6.14b,LANTAI 1,L.008,0.02
a. Bahan,SNI-M.6.14b,LANTAI 1,M.012a,0.1
b. Upah,SNI-M.6.14c,LANTAI 1,L.010,0.0025
b. Upah,SNI-M.6.14c,LANTAI 1,L.007,0.0063
b. Upah,SNI-M.6.14c,LANTAI 1,L.004,0.063
b. Upah,SNI-M.6.14c,LANTAI 1,L.008,0.02
a. Bahan,SNI-M.6.14c,LANTAI 1,M.012a,0.1
b. Upah,SNI-M.6.14d,LANTAI 1,L.010,0.0025
b. Upah,SNI-M.6.14d,LANTAI 1,L.007,0.0063
b. Upah,SNI-M.6.14d,LANTAI 1,L.004,0.063
b. Upah,SNI-M.6.14d,LANTAI 1,L.008,0.02
a. Bahan,SNI-M.6.14d,LANTAI 1,M.012a,0.1
a. Bahan,SNI-M.6.14a,LANTAI 1,M.011a.2,0.36
a. Bahan,SNI-M.6.14b,LANTAI 1,M.011b,0.36
a. Bahan,SNI-M.6.14c,LANTAI 1,M.011c,0.36
a. Bahan,SNI-M.6.14d,LANTAI 1,M.011d,0.36
a. Bahan,SNI-M.6.15,LANTAI 1,M.011a.1,0.3
b. Upah,SNI-M.6.15,LANTAI 1,L.008,0.028
b. Upah,SNI-M.6.15,LANTAI 1,L.004,0.042
b. Upah,SNI-M.6.15,LANTAI 1,L.007,0.0042
b. Upah,SNI-M.6.15,LANTAI 1,L.010,0.0025
b. Upah,SNI-M.6.15a,LANTAI 1,L.010,0.0025
b. Upah,SNI-M.6.15a,LANTAI 1,L.007,0.0042
b. Upah,SNI-M.6.15a,LANTAI 1,L.004,0.042
b. Upah,SNI-M.6.15a,LANTAI 1,L.008,0.028
b. Upah,SNI-M.6.15b,LANTAI 1,L.010,0.0025
b. Upah,SNI-M.6.15b,LANTAI 1,L.007,0.0042
b. Upah,SNI-M.6.15b,LANTAI 1,L.004,0.042
b. Upah,SNI-M.6.15b,LANTAI 1,L.008,0.028
b. Upah,SNI-M.6.15c,LANTAI 1,L.010,0.0025
b. Upah,SNI-M.6.15c,LANTAI 1,L.007,0.0042
b. Upah,SNI-M.6.15c,LANTAI 1,L.004,0.042
b. Upah,SNI-M.6.15c,LANTAI 1,L.008,0.028
b. Upah,SNI-M.6.15d,LANTAI 1,L.010,0.0025
b. Upah,SNI-M.6.15d,LANTAI 1,L.007,0.0042
b. Upah,SNI-M.6.15d,LANTAI 1,L.004,0.042
b. Upah,SNI-M.6.15d,LANTAI 1,L.008,0.028
a. Bahan,SNI-M.6.15a,LANTAI 1,M.011a.2,0.3
a. Bahan,SNI-M.6.15b,LANTAI 1,M.011b,0.3
a. Bahan,SNI-M.6.15c,LANTAI 1,M.011c,0.3
a. Bahan,SNI-M.6.15d,LANTAI 1,M.011d,0.3
a. Bahan,SNI-M.6.17,LANTAI 1,M.012c,0.1
a. Bahan,SNI-M.6.17,LANTAI 1,M.012i,0.25
a. Bahan,SNI-M.6.17,LANTAI 1,M.005u,0.002
a. Bahan,SNI-M.6.17,LANTAI 1,M.012f,0.15
b. Upah,SNI-M.6.17,LANTAI 1,L.008,0.15
b. Upah,SNI-M.6.17,LANTAI 1,L.004,0.001
b. Upah,SNI-M.6.17,LANTAI 1,L.007,0.0001
b. Upah,SNI-M.6.17,LANTAI 1,L.010,0.0025
a. Bahan,SNI-M.6.18,LANTAI 1,M.005u,0.002
a. Bahan,SNI-M.6.18,LANTAI 1,M.012f,0.3
b. Upah,SNI-M.6.18,LANTAI 1,L.008,0.04
b. Upah,SNI-M.6.18,LANTAI 1,L.004,0.005
b. Upah,SNI-M.6.18,LANTAI 1,L.007,0.005
b. Upah,SNI-M.6.18,LANTAI 1,L.010,0.0025
a. Bahan,SNI-M.6.20,LANTAI 1,M.011h,0.1
a. Bahan,SNI-M.6.20,LANTAI 1,M.012n,0.01
b. Upah,SNI-M.6.20,LANTAI 1,L.008,0.02
b. Upah,SNI-M.6.20,LANTAI 1,L.004,0.2
b. Upah,SNI-M.6.20,LANTAI 1,L.007,0.02
b. Upah,SNI-M.6.20,LANTAI 1,L.010,0.01
a. Bahan,SNI-M.6.21,LANTAI 1,M.011h,0.1
a. Bahan,SNI-M.6.21,LANTAI 1,M.012n,0.01
a. Bahan,SNI-M.6.21,LANTAI 1,M.005u,0.002
b. Upah,SNI-M.6.21,LANTAI 1,L.008,0.25
b. Upah,SNI-M.6.21,LANTAI 1,L.004,0.225
b. Upah,SNI-M.6.21,LANTAI 1,L.007,0.0225
b. Upah,SNI-M.6.21,LANTAI 1,L.010,0.0075
a. Bahan,SNI-M.6.24,LANTAI 1,M.011,0.36
b. Upah,SNI-M.6.24,LANTAI 1,L.008,0.5
b. Upah,SNI-M.6.24,LANTAI 1,L.004,0.8
b. Upah,SNI-M.6.24,LANTAI 1,L.007,0.3
b. Upah,SNI-M.6.24,LANTAI 1,L.010,0.2
b. Upah,SNI-F.6.35a,LANTAI 1,L.010,0.005
b. Upah,SNI-F.6.35a,LANTAI 1,L.007,0.01
b. Upah,SNI-F.6.35a,LANTAI 1,L.002,0.1
b. Upah,SNI-F.6.35a,LANTAI 1,L.008,0.1
a. Bahan,SNI-F.6.35a,LANTAI 1,M.006,0.15
a. Bahan,SNI-F.6.35a,LANTAI 1,M.005i,0.014
a. Bahan,SNI-F.6.35b,LANTAI 1,M.005h,0.014
a. Bahan,SNI-F.6.35b,LANTAI 1,M.006,0.15
b. Upah,SNI-F.6.35b,LANTAI 1,L.008,0.1
b. Upah,SNI-F.6.35b,LANTAI 1,L.002,0.1
b. Upah,SNI-F.6.35b,LANTAI 1,L.007,0.01
b. Upah,SNI-F.6.35b,LANTAI 1,L.010,0.005
a. Bahan,SNI-F.6.35c,LANTAI 1,M.005D2,1.2
a. Bahan,SNI-F.6.35c,LANTAI 1,M.003f,0.14
a. Bahan,SNI-F.6.35c,LANTAI 1,M.006,0.08
b. Upah,SNI-F.6.35c,LANTAI 1,L.008,6
b. Upah,SNI-F.6.35c,LANTAI 1,L.002,18
b. Upah,SNI-F.6.35c,LANTAI 1,L.007,0.01
b. Upah,SNI-F.6.35c,LANTAI 1,L.010,0.005
a. Bahan,SNI-F.6.35d,LANTAI 1,M.005d,1.2
a. Bahan,SNI-F.6.35d,LANTAI 1,M.003f,0.14
a. Bahan,SNI-F.6.35d,LANTAI 1,M.006,0.08
b. Upah,SNI-F.6.35d,LANTAI 1,L.008,6
b. Upah,SNI-F.6.35d,LANTAI 1,L.002,18
b. Upah,SNI-F.6.35d,LANTAI 1,L.007,0.01
b. Upah,SNI-F.6.35d,LANTAI 1,L.010,0.005
b. Upah,SNI-F.6.35e,LANTAI 1,L.010,0.005
b. Upah,SNI-F.6.35e,LANTAI 1,L.007,0.01
b. Upah,SNI-F.6.35e,LANTAI 1,L.002,18
b. Upah,SNI-F.6.35e,LANTAI 1,L.008,6
a. Bahan,SNI-F.6.35e,LANTAI 1,M.006,0.08
a. Bahan,SNI-F.6.35e,LANTAI 1,M.003f,0.14
a. Bahan,SNI-F.6.35e,LANTAI 1,M.005F2,1.2
a. Bahan,SNI-F.6.35f,LANTAI 1,M.005F3,1.2
a. Bahan,SNI-F.6.35f,LANTAI 1,M.003f,0.14
a. Bahan,SNI-F.6.35f,LANTAI 1,M.006,0.08
b. Upah,SNI-F.6.35f,LANTAI 1,L.008,6
b. Upah,SNI-F.6.35f,LANTAI 1,L.002,18
b. Upah,SNI-F.6.35f,LANTAI 1,L.007,0.01
b. Upah,SNI-F.6.35f,LANTAI 1,L.010,0.005
a. Bahan,SNI-F.6.38,LANTAI 1,M.005k,0.012
a. Bahan,SNI-F.6.38,LANTAI 1,M.006,0.1
b. Upah,SNI-F.6.38,LANTAI 1,L.008,0.15
b. Upah,SNI-F.6.38,LANTAI 1,L.002,0.25
b. Upah,SNI-F.6.38,LANTAI 1,L.007,0.025
b. Upah,SNI-F.6.38,LANTAI 1,L.010,0.075
a. Bahan,SNI-F.6.38a,LANTAI 1,M.005p1,0.01
a. Bahan,SNI-F.6.38a,LANTAI 1,M.006,0.06
b. Upah,SNI-F.6.38a,LANTAI 1,L.008,0.1
b. Upah,SNI-F.6.38a,LANTAI 1,L.002,0.1
b. Upah,SNI-F.6.38a,LANTAI 1,L.007,0.01
b. Upah,SNI-F.6.38a,LANTAI 1,L.010,0.05
a. Bahan,SNI-F.6.39,LANTAI 1,M.005j,0.012
a. Bahan,SNI-F.6.39,LANTAI 1,M.006,0.1
b. Upah,SNI-F.6.39,LANTAI 1,L.008,0.15
b. Upah,SNI-F.6.39,LANTAI 1,L.002,0.25
b. Upah,SNI-F.6.39,LANTAI 1,L.007,0.025
b. Upah,SNI-F.6.39,LANTAI 1,L.010,0.075
b. Upah,SNI-F.6.39a,LANTAI 1,L.010,0.075
b. Upah,SNI-F.6.39a,LANTAI 1,L.007,0.025
b. Upah,SNI-F.6.39a,LANTAI 1,L.002,0.25
b. Upah,SNI-F.6.39a,LANTAI 1,L.008,0.15
a. Bahan,SNI-F.6.39a,LANTAI 1,M.006,0.1
b. Upah,SNI-F.6.39b,LANTAI 1,L.010,0.075
b. Upah,SNI-F.6.39b,LANTAI 1,L.007,0.025
b. Upah,SNI-F.6.39b,LANTAI 1,L.002,0.25
b. Upah,SNI-F.6.39b,LANTAI 1,L.008,0.15
a. Bahan,SNI-F.6.39b,LANTAI 1,M.006,0.1
b. Upah,SNI-F.6.39c,LANTAI 1,L.010,0.075
b. Upah,SNI-F.6.39c,LANTAI 1,L.007,0.025
b. Upah,SNI-F.6.39c,LANTAI 1,L.002,0.25
b. Upah,SNI-F.6.39c,LANTAI 1,L.008,0.15
a. Bahan,SNI-F.6.39c,LANTAI 1,M.006,0.1
a. Bahan,SNI-F.6.39a,LANTAI 1,M.005i,0.012
a. Bahan,SNI-F.6.39b,LANTAI 1,M.005h,0.012
a. Bahan,SNI-F.6.39c,LANTAI 1,M.005g,0.012
a. Bahan,SNI-F.6.39d,LANTAI 1,M.005n,0.01
a. Bahan,SNI-F.6.39d,LANTAI 1,M.006,0.06
b. Upah,SNI-F.6.39d,LANTAI 1,L.008,0.1
b. Upah,SNI-F.6.39d,LANTAI 1,L.002,0.1
b. Upah,SNI-F.6.39d,LANTAI 1,L.007,0.01
b. Upah,SNI-F.6.39d,LANTAI 1,L.010,0.05
a. Bahan,SNI-F.6.44,LANTAI 1,M.005j,0.027
a. Bahan,SNI-F.6.44,LANTAI 1,M.006,0.2
b. Upah,SNI-F.6.44,LANTAI 1,L.008,0.25
b. Upah,SNI-F.6.44,LANTAI 1,L.002,0.35
b. Upah,SNI-F.6.44,LANTAI 1,L.007,0.035
b. Upah,SNI-F.6.44,LANTAI 1,L.010,0.0125
b. Upah,SNI-F.6.44a,LANTAI 1,L.010,0.0125
b. Upah,SNI-F.6.44a,LANTAI 1,L.007,0.035
b. Upah,SNI-F.6.44a,LANTAI 1,L.002,0.35
b. Upah,SNI-F.6.44a,LANTAI 1,L.008,0.25
a. Bahan,SNI-F.6.44a,LANTAI 1,M.006,0.2
b. Upah,SNI-F.6.44b,LANTAI 1,L.010,0.0125
b. Upah,SNI-F.6.44b,LANTAI 1,L.007,0.035
b. Upah,SNI-F.6.44b,LANTAI 1,L.002,0.35
b. Upah,SNI-F.6.44b,LANTAI 1,L.008,0.25
a. Bahan,SNI-F.6.44b,LANTAI 1,M.006,0.2
b. Upah,SNI-F.6.44c,LANTAI 1,L.010,0.0125
b. Upah,SNI-F.6.44c,LANTAI 1,L.007,0.035
b. Upah,SNI-F.6.44c,LANTAI 1,L.002,0.35
b. Upah,SNI-F.6.44c,LANTAI 1,L.008,0.25
a. Bahan,SNI-F.6.44b,LANTAI 1,M.005h,0.027
a. Bahan,SNI-F.6.44c,LANTAI 1,M.005g,0.027
a. Bahan,SNI-F.6.44c,LANTAI 1,M.006,0.2
a. Bahan,SNI-F.6.44a,LANTAI 1,M.005i,0.027
a. Bahan,SNI-F.6.47,LANTAI 1,M.005p,0.0072
a. Bahan,SNI-F.6.47,LANTAI 1,M.006,0.05
b. Upah,SNI-F.6.47,LANTAI 1,L.008,0.1
b. Upah,SNI-F.6.47,LANTAI 1,L.002,0.2
b. Upah,SNI-F.6.47,LANTAI 1,L.007,0.025
b. Upah,SNI-F.6.47,LANTAI 1,L.010,0.005
a. Bahan,SNI-F.6.47a,LANTAI 1,M.005p1,0.009
a. Bahan,SNI-F.6.47a,LANTAI 1,M.006,0.06
b. Upah,SNI-F.6.47a,LANTAI 1,L.008,0.2
b. Upah,SNI-F.6.47a,LANTAI 1,L.002,0.4
b. Upah,SNI-F.6.47a,LANTAI 1,L.007,0.05
b. Upah,SNI-F.6.47a,LANTAI 1,L.010,0.01
b. Upah,SNI-F.6.48,LANTAI 1,L.010,0.005
b. Upah,SNI-F.6.48,LANTAI 1,L.007,0.025
b. Upah,SNI-F.6.48,LANTAI 1,L.002,0.2
b. Upah,SNI-F.6.48,LANTAI 1,L.008,0.1
a. Bahan,SNI-F.6.48,LANTAI 1,M.006,0.05
b. Upah,SNI-F.6.48a,LANTAI 1,L.010,0.005
b. Upah,SNI-F.6.48a,LANTAI 1,L.007,0.02
b. Upah,SNI-F.6.48a,LANTAI 1,L.002,0.2
b. Upah,SNI-F.6.48a,LANTAI 1,L.008,0.1
a. Bahan,SNI-F.6.48a,LANTAI 1,M.006,0.05
b. Upah,SNI-F.6.48b,LANTAI 1,L.010,0.005
b. Upah,SNI-F.6.48b,LANTAI 1,L.007,0.02
b. Upah,SNI-F.6.48b,LANTAI 1,L.002,0.2
b. Upah,SNI-F.6.48b,LANTAI 1,L.008,0.1
a. Bahan,SNI-F.6.48b,LANTAI 1,M.006,0.05
a. Bahan,SNI-F.6.48,LANTAI 1,M.005o,0.0072
a. Bahan,SNI-F.6.48a,LANTAI 1,M.005n,0.0072
a. Bahan,SNI-F.6.48b,LANTAI 1,M.005m,0.0072
a. Bahan,SNI-F.6.48c,LANTAI 1,M.005n,0.009
a. Bahan,SNI-F.6.48c,LANTAI 1,M.006,0.06
b. Upah,SNI-F.6.48c,LANTAI 1,L.008,0.2
b. Upah,SNI-F.6.48c,LANTAI 1,L.002,0.4
b. Upah,SNI-F.6.48c,LANTAI 1,L.007,0.05
b. Upah,SNI-F.6.48c,LANTAI 1,L.010,0.01
a. Bahan,SNI-F.6.52,LANTAI 1,M.005p,0.0086
a. Bahan,SNI-F.6.52,LANTAI 1,M.006,0.06
b. Upah,SNI-F.6.52,LANTAI 1,L.008,0.1
b. Upah,SNI-F.6.52,LANTAI 1,L.002,0.1
b. Upah,SNI-F.6.52,LANTAI 1,L.007,0.01
b. Upah,SNI-F.6.52,LANTAI 1,L.010,0.05
b. Upah,SNI-F.6.52a,LANTAI 1,L.010,0.05
b. Upah,SNI-F.6.52a,LANTAI 1,L.007,0.01
b. Upah,SNI-F.6.52a,LANTAI 1,L.002,0.1
b. Upah,SNI-F.6.52a,LANTAI 1,L.008,0.1
a. Bahan,SNI-F.6.52a,LANTAI 1,M.006,0.06
b. Upah,SNI-F.6.52b,LANTAI 1,L.010,0.05
b. Upah,SNI-F.6.52b,LANTAI 1,L.007,0.01
b. Upah,SNI-F.6.52b,LANTAI 1,L.002,0.1
b. Upah,SNI-F.6.52b,LANTAI 1,L.008,0.1
a. Bahan,SNI-F.6.52b,LANTAI 1,M.006,0.06
b. Upah,SNI-F.6.52c,LANTAI 1,L.010,0.05
b. Upah,SNI-F.6.52c,LANTAI 1,L.007,0.01
b. Upah,SNI-F.6.52c,LANTAI 1,L.002,0.1
b. Upah,SNI-F.6.52c,LANTAI 1,L.008,0.1
a. Bahan,SNI-F.6.52c,LANTAI 1,M.006,0.06
b. Upah,SNI-F.6.52d,LANTAI 1,L.010,0.05
a. Bahan,SNI-F.6.52b,LANTAI 1,M.005n,0.0086
a. Bahan,SNI-F.6.52c,LANTAI 1,M.005m,0.0086
a. Bahan,BOW-F.16,LANTAI 1,M.006,0.25
b. Upah,SNI-F.6.52d,LANTAI 1,L.007,0.01
b. Upah,SNI-F.6.52d,LANTAI 1,L.002,0.1
b. Upah,SNI-F.6.52d,LANTAI 1,L.008,0.1
a. Bahan,SNI-F.6.52d,LANTAI 1,M.006,0.06
a. Bahan,SNI-F.6.52d,LANTAI 1,M.005p,0.0086
a. Bahan,SNI-F.6.52a,LANTAI 1,M.005o,0.0086
b. Upah,BOW-F.16,LANTAI 1,L.002,0.1
b. Upah,BOW-F.16,LANTAI 1,L.007,0.01
b. Upah,BOW-F.16,LANTAI 1,L.008,0.1
b. Upah,BOW-F.16,LANTAI 1,L.010,0.005
a. Bahan,BOW-F.16a,LANTAI 1,M.005h,0.003
a. Bahan,BOW-F.16a,LANTAI 1,M.006,0.18
b. Upah,BOW-F.16a,LANTAI 1,L.002,0.075
b. Upah,BOW-F.16a,LANTAI 1,L.007,0.0075
b. Upah,BOW-F.16a,LANTAI 1,L.008,0.075
b. Upah,BOW-F.16a,LANTAI 1,L.010,0.0038
a. Bahan,BOW-F.16b,LANTAI 1,M.005h,0.012
a. Bahan,BOW-F.16b,LANTAI 1,M.006,0.25
b. Upah,BOW-F.16b,LANTAI 1,L.008,0.2
b. Upah,BOW-F.16b,LANTAI 1,L.007,0.02
b. Upah,BOW-F.16b,LANTAI 1,L.002,0.2
b. Upah,BOW-F.16b,LANTAI 1,L.010,0.01
b. Upah,BOW-F.16c,LANTAI 1,L.010,0.01
b. Upah,BOW-F.16c,LANTAI 1,L.002,0.2
b. Upah,BOW-F.16c,LANTAI 1,L.007,0.02
b. Upah,BOW-F.16c,LANTAI 1,L.008,0.2
a. Bahan,BOW-F.16c,LANTAI 1,M.006,0.25
b. Upah,BOW-F.16d,LANTAI 1,L.010,0.01
b. Upah,BOW-F.16d,LANTAI 1,L.002,0.2
b. Upah,BOW-F.16d,LANTAI 1,L.007,0.02
b. Upah,BOW-F.16d,LANTAI 1,L.008,0.2
a. Bahan,BOW-F.16d,LANTAI 1,M.006,0.25
a. Bahan,BOW-F.16c,LANTAI 1,M.005i,0.012
a. Bahan,BOW-F.16d,LANTAI 1,M.005j,0.012
a. Bahan,BOW-F.16e,LANTAI 1,M.006,0.25
b. Upah,BOW-F.16e,LANTAI 1,L.008,0.2
b. Upah,BOW-F.16e,LANTAI 1,L.007,0.02
b. Upah,BOW-F.16e,LANTAI 1,L.002,0.2
b. Upah,BOW-F.16e,LANTAI 1,L.010,0.01
a. Bahan,BOW-F.16e,LANTAI 1,M.005k,0.012
a. Bahan,BOW-F.16f,LANTAI 1,M.005h,0.012
a. Bahan,BOW-F.16f,LANTAI 1,M.006,0.1875
b. Upah,BOW-F.16f,LANTAI 1,L.002,0.075
b. Upah,BOW-F.16f,LANTAI 1,L.007,0.0075
b. Upah,BOW-F.16f,LANTAI 1,L.008,0.075
b. Upah,BOW-F.16f,LANTAI 1,L.010,0.0038
b. Upah,BOW-F.16g,LANTAI 1,L.010,0.0038
b. Upah,BOW-F.16g,LANTAI 1,L.008,0.075
b. Upah,BOW-F.16g,LANTAI 1,L.007,0.0075
b. Upah,BOW-F.16g,LANTAI 1,L.002,0.075
a. Bahan,BOW-F.16g,LANTAI 1,M.006,0.1875
a. Bahan,BOW-F.16g,LANTAI 1,M.005i,0.012
a. Bahan,BOW-F.16h,LANTAI 1,M.005F3,0.003
a. Bahan,BOW-F.16h,LANTAI 1,M.006,0.18
b. Upah,BOW-F.16h,LANTAI 1,L.002,0.075
b. Upah,BOW-F.16h,LANTAI 1,L.007,0.0075
b. Upah,BOW-F.16h,LANTAI 1,L.008,0.075
b. Upah,BOW-F.16h,LANTAI 1,L.010,0.0038
b. Upah,BOW-F.16i,LANTAI 1,L.010,0.0038
b. Upah,BOW-F.16i,LANTAI 1,L.008,0.075
b. Upah,BOW-F.16i,LANTAI 1,L.007,0.0075
b. Upah,BOW-F.16i,LANTAI 1,L.002,0.075
a. Bahan,BOW-F.16i,LANTAI 1,M.006,0.18
a. Bahan,BOW-F.16i,LANTAI 1,M.005i,0.003
a. Bahan,BOW-Supl.VIIIb,LANTAI 1,M.007,1.1
a. Bahan,BOW-Supl.VIIIb,LANTAI 1,M.006A,0.02
b. Upah,BOW-Supl.VIIIb,LANTAI 1,L.008,0.2
b. Upah,BOW-Supl.VIIIb,LANTAI 1,L.010,0.02
a. Bahan,BOW-F.36a,LANTAI 1,M.005m,0.018
a. Bahan,BOW-F.36a,LANTAI 1,M.008a,0.7
a. Bahan,BOW-F.36a,LANTAI 1,M.006A,0.02
b. Upah,BOW-F.36a,LANTAI 1,L.002,6
b. Upah,BOW-F.36a,LANTAI 1,L.007,0.6
b. Upah,BOW-F.36a,LANTAI 1,L.008,2
b. Upah,BOW-F.36a,LANTAI 1,L.010,0.1
a. Bahan,BOW-F.36b,LANTAI 1,M.005m,0.016
a. Bahan,BOW-F.36b,LANTAI 1,M.008a,0.7
a. Bahan,BOW-F.36b,LANTAI 1,M.006A,0.02
b. Upah,BOW-F.36b,LANTAI 1,L.002,4
b. Upah,BOW-F.36b,LANTAI 1,L.007,0.4
b. Upah,BOW-F.36b,LANTAI 1,L.008,1.33
b. Upah,BOW-F.36b,LANTAI 1,L.010,0.06
a. Bahan,BOW-F.36c,LANTAI 1,M.005n,0.018
a. Bahan,BOW-F.36c,LANTAI 1,M.008a,0.7
a. Bahan,BOW-F.36c,LANTAI 1,M.006A,0.02
b. Upah,BOW-F.36c,LANTAI 1,L.002,6
b. Upah,BOW-F.36c,LANTAI 1,L.007,0.6
b. Upah,BOW-F.36c,LANTAI 1,L.008,2
b. Upah,BOW-F.36c,LANTAI 1,L.010,0.1
b. Upah,BOW-F.36d,LANTAI 1,L.010,0.1
b. Upah,BOW-F.36d,LANTAI 1,L.008,2
b. Upah,BOW-F.36d,LANTAI 1,L.007,0.6
b. Upah,BOW-F.36d,LANTAI 1,L.002,6
a. Bahan,BOW-F.36d,LANTAI 1,M.006A,0.02
a. Bahan,BOW-F.36d,LANTAI 1,M.008a,0.7
b. Upah,BOW-F.36e,LANTAI 1,L.010,0.1
b. Upah,BOW-F.36e,LANTAI 1,L.008,2
b. Upah,BOW-F.36e,LANTAI 1,L.007,0.6
b. Upah,BOW-F.36e,LANTAI 1,L.002,6
a. Bahan,BOW-F.36e,LANTAI 1,M.006A,0.02
a. Bahan,BOW-F.36e,LANTAI 1,M.008a,0.7
a. Bahan,BOW-F.36d,LANTAI 1,M.005o,0.018
a. Bahan,BOW-F.36e,LANTAI 1,M.005p,0.018
a. Bahan,BOW-F.36f,LANTAI 1,M.005m,0.012
a. Bahan,BOW-F.36f,LANTAI 1,M.008,0.7
a. Bahan,BOW-F.36f,LANTAI 1,M.006A,0.02
b. Upah,BOW-F.36f,LANTAI 1,L.002,4.5
b. Upah,BOW-F.36f,LANTAI 1,L.007,0.45
b. Upah,BOW-F.36f,LANTAI 1,L.008,1.5
b. Upah,BOW-F.36f,LANTAI 1,L.010,0.075
b. Upah,BOW-F.36h,LANTAI 1,L.010,0.075
b. Upah,BOW-F.36h,LANTAI 1,L.008,1.5
b. Upah,BOW-F.36h,LANTAI 1,L.007,0.45
b. Upah,BOW-F.36h,LANTAI 1,L.002,4.5
a. Bahan,BOW-F.36h,LANTAI 1,M.006A,0.02
a. Bahan,BOW-F.36h,LANTAI 1,M.008,0.7
b. Upah,BOW-F.36i,LANTAI 1,L.010,0.075
b. Upah,BOW-F.36i,LANTAI 1,L.008,1.5
b. Upah,BOW-F.36i,LANTAI 1,L.007,0.45
b. Upah,BOW-F.36i,LANTAI 1,L.002,4.5
a. Bahan,BOW-F.36i,LANTAI 1,M.006A,0.02
a. Bahan,BOW-F.36i,LANTAI 1,M.008,0.7
b. Upah,BOW-F.36j,LANTAI 1,L.010,0.075
b. Upah,BOW-F.36j,LANTAI 1,L.008,1.5
b. Upah,BOW-F.36j,LANTAI 1,L.007,0.45
b. Upah,BOW-F.36j,LANTAI 1,L.002,4.5
a. Bahan,BOW-F.36j,LANTAI 1,M.006A,0.02
a. Bahan,BOW-F.36j,LANTAI 1,M.008,0.7
a. Bahan,BOW-F.36g,LANTAI 1,M.005m,0.012
a. Bahan,BOW-F.36i,LANTAI 1,M.005o,0.012
a. Bahan,BOW-F.36j,LANTAI 1,M.005p,0.012
a. Bahan,BOW-F.36k,LANTAI 1,M.005p,0.018
a. Bahan,BOW-F.36g,LANTAI 1,M.008,0.7
a. Bahan,BOW-F.36g,LANTAI 1,M.006A,0.02
b. Upah,BOW-F.36g,LANTAI 1,L.002,3
b. Upah,BOW-F.36g,LANTAI 1,L.007,0.3
b. Upah,BOW-F.36g,LANTAI 1,L.008,1
b. Upah,BOW-F.36g,LANTAI 1,L.010,0.05
a. Bahan,BOW-F.36h,LANTAI 1,M.005n,0.012
a. Bahan,BOW-F.36k,LANTAI 1,M.009b,0.7
b. Upah,BOW-F.36k,LANTAI 1,L.002,4
b. Upah,BOW-F.36k,LANTAI 1,L.007,0.4
b. Upah,BOW-F.36k,LANTAI 1,L.008,1.33
b. Upah,BOW-F.36k,LANTAI 1,L.010,0.066
b. Upah,BOW-F.36l,LANTAI 1,L.010,0.066
b. Upah,BOW-F.36l,LANTAI 1,L.008,1.33
b. Upah,BOW-F.36l,LANTAI 1,L.007,0.4
b. Upah,BOW-F.36l,LANTAI 1,L.002,4
a. Bahan,BOW-F.36l,LANTAI 1,M.009b,0.7
b. Upah,BOW-F.36m,LANTAI 1,L.010,0.066
b. Upah,BOW-F.36m,LANTAI 1,L.008,1.33
b. Upah,BOW-F.36m,LANTAI 1,L.007,0.4
b. Upah,BOW-F.36m,LANTAI 1,L.002,4
a. Bahan,BOW-F.36m,LANTAI 1,M.009b,0.7
b. Upah,BOW-F.36n,LANTAI 1,L.010,0.066
b. Upah,BOW-F.36n,LANTAI 1,L.008,1.33
b. Upah,BOW-F.36n,LANTAI 1,L.007,0.4
b. Upah,BOW-F.36n,LANTAI 1,L.002,4
a. Bahan,BOW-F.36n,LANTAI 1,M.009b,0.7
a. Bahan,BOW-F.36l,LANTAI 1,M.005m,0.018
a. Bahan,BOW-F.36m,LANTAI 1,M.005n,0.018
a. Bahan,BOW-F.36n,LANTAI 1,M.005o,0.018
a. Bahan,BOW-K.6+23,LANTAI 1,M.011b,0.4
b. Upah,BOW-K.6+23,LANTAI 1,L.004,0.1875
b. Upah,BOW-K.6+23,LANTAI 1,L.007,0.0188
b. Upah,BOW-K.6+23,LANTAI 1,L.008,0.125
b. Upah,BOW-K.6+23,LANTAI 1,L.010,0.0062
b. Upah,BOW-K.6+23a,LANTAI 1,L.010,0.0062
b. Upah,BOW-K.6+23a,LANTAI 1,L.008,0.125
b. Upah,BOW-K.6+23a,LANTAI 1,L.007,0.0188
b. Upah,BOW-K.6+23a,LANTAI 1,L.004,0.1875
b. Upah,BOW-K.6+23b,LANTAI 1,L.010,0.0062
b. Upah,BOW-K.6+23b,LANTAI 1,L.008,0.125
b. Upah,BOW-K.6+23b,LANTAI 1,L.007,0.0188
b. Upah,BOW-K.6+23b,LANTAI 1,L.004,0.1875
b. Upah,BOW-K.6+23c,LANTAI 1,L.010,0.0062
b. Upah,BOW-K.6+23c,LANTAI 1,L.008,0.125
b. Upah,BOW-K.6+23c,LANTAI 1,L.007,0.0188
b. Upah,BOW-K.6+23c,LANTAI 1,L.004,0.1875
a. Bahan,BOW-K.6+23a,LANTAI 1,M.011c,0.4
a. Bahan,BOW-K.6+23b,LANTAI 1,M.011d,0.4
a. Bahan,BOW-K.6+23c,LANTAI 1,M.011e,0.3
a. Bahan,BOW-F.8,LANTAI 1,M.005a,0.04
a. Bahan,BOW-F.8,LANTAI 1,M.006,0.4
b. Upah,BOW-F.8,LANTAI 1,L.002,0.5
b. Upah,BOW-F.8,LANTAI 1,L.007,0.05
b. Upah,BOW-F.8,LANTAI 1,L.008,0.2
b. Upah,BOW-F.8,LANTAI 1,L.010,0.01
b. Upah,BOW-F.8,LANTAI 1,L.009,0.4
a. Bahan,BOW-G.13,LANTAI 1,M.002a,874.45
a. Bahan,BOW-G.13,LANTAI 1,M.001a,0.7
a. Bahan,BOW-G.14,LANTAI 1,M.002a,587.2
a. Bahan,BOW-G.14,LANTAI 1,M.001a,0.95
b. Upah,BOW-G.77,LANTAI 1,L.008,6
b. Upah,BOW-G.77,LANTAI 1,L.011,4
b. Upah,BOW-G.77,LANTAI 1,L.007,0.4
b. Upah,BOW-G.77,LANTAI 1,L.010,0.3
a. Bahan,BOW-Supl.IVa,LANTAI 1,M.004r,1
a. Bahan,SNI-E.6.16,LANTAI 2,M.001a,0.028
a. Bahan,SNI-E.6.16,LANTAI 2,M.002a,7.29
b. Upah,SNI-E.6.3,LANTAI 2,L.010,0.011
b. Upah,SNI-E.6.3,LANTAI 2,L.007,0.0165
b. Upah,SNI-E.6.3,LANTAI 2,L.001,0.165
b. Upah,SNI-E.6.3,LANTAI 2,L.008,0.22
a. Bahan,SNI-E.6.3,LANTAI 2,M.001a,0.019
a. Bahan,SNI-E.6.3,LANTAI 2,M.002a,6.48
a. Bahan,SNI-F.6.2a,LANTAI 2,M.005d,1.2
b. Upah,SNI-F.6.2a,LANTAI 2,L.010,0.33
b. Upah,SNI-F.6.2a,LANTAI 2,L.007,2.2
b. Upah,SNI-F.6.2a,LANTAI 2,L.002,19.8
b. Upah,SNI-F.6.2a,LANTAI 2,L.008,6.6
a. Bahan,BOW-F.36m,LANTAI 2,M.005n,0.018
a. Bahan,BOW-F.36m,LANTAI 2,M.009b,0.7
b. Upah,BOW-F.36m,LANTAI 2,L.002,4.4
b. Upah,BOW-F.36m,LANTAI 2,L.007,0.44
b. Upah,BOW-F.36m,LANTAI 2,L.008,1.463
b. Upah,BOW-F.36m,LANTAI 2,L.010,0.0726
a. Bahan,BOW-F.36h,LANTAI 2,M.005n,0.012
a. Bahan,BOW-F.36h,LANTAI 2,M.008,0.7
a. Bahan,BOW-F.36h,LANTAI 2,M.006A,0.02
b. Upah,BOW-F.36h,LANTAI 2,L.002,4.95
b. Upah,BOW-F.36h,LANTAI 2,L.007,0.495
b. Upah,BOW-F.36h,LANTAI 2,L.008,1.65
b. Upah,BOW-F.36h,LANTAI 2,L.010,0.0825
a. Bahan,BOW-F.16c,LANTAI 2,M.005i,0.012
a. Bahan,BOW-F.16c,LANTAI 2,M.006,0.25
b. Upah,BOW-F.16c,LANTAI 2,L.008,0.22
b. Upah,BOW-F.16c,LANTAI 2,L.007,0.022
b. Upah,BOW-F.16c,LANTAI 2,L.002,0.22
b. Upah,BOW-F.16c,LANTAI 2,L.010,0.011
a. Bahan,SNI-F.6.28a,LANTAI 2,M.005f,1.1
a. Bahan,SNI-F.6.28a,LANTAI 2,M.003d,15
a. Bahan,SNI-F.6.28a,LANTAI 2,M.006,0.8
b. Upah,SNI-F.6.28a,LANTAI 2,L.008,4.4
b. Upah,SNI-F.6.28a,LANTAI 2,L.002,13.2
b. Upah,SNI-F.6.28a,LANTAI 2,L.007,1.32
b. Upah,SNI-F.6.28a,LANTAI 2,L.010,0.22
a. Bahan,SNI-F.6.35a,LANTAI 2,M.005i,0.014
a. Bahan,SNI-F.6.35a,LANTAI 2,M.006,0.15
b. Upah,SNI-F.6.35a,LANTAI 2,L.008,0.11
b. Upah,SNI-F.6.35a,LANTAI 2,L.002,0.11
b. Upah,SNI-F.6.35a,LANTAI 2,L.007,0.011
b. Upah,SNI-F.6.35a,LANTAI 2,L.010,0.0055
b. Upah,SNI-G.6.13,LANTAI 2,L.010,1.1
b. Upah,SNI-G.6.13,LANTAI 2,L.007,0.0385
b. Upah,SNI-G.6.13,LANTAI 2,L.001,0.385
b. Upah,SNI-G.6.13,LANTAI 2,L.008,2.2
a. Bahan,SNI-G.6.13,LANTAI 2,M.001g,0.81
a. Bahan,SNI-G.6.13,LANTAI 2,M.001,0.54
a. Bahan,SNI-G.6.13,LANTAI 2,M.002a,336
b. Upah,SNI-G.6.25,LANTAI 2,L.010,0.0003
b. Upah,SNI-G.6.25,LANTAI 2,L.007,0.0008
b. Upah,SNI-G.6.25,LANTAI 2,L.003,0.0077
b. Upah,SNI-G.6.25,LANTAI 2,L.008,0.0077
a. Bahan,SNI-G.6.25,LANTAI 2,M.003a,0.015
a. Bahan,SNI-G.6.25,LANTAI 2,M.003,1.05
a. Bahan,SNI-G.6.29,LANTAI 2,M.005a,0.045
a. Bahan,SNI-G.6.29,LANTAI 2,M.006,0.3
b. Upah,SNI-G.6.29,LANTAI 2,L.008,0.33
b. Upah,SNI-G.6.29,LANTAI 2,L.002,0.286
b. Upah,SNI-G.6.29,LANTAI 2,L.007,0.0286
b. Upah,SNI-G.6.29,LANTAI 2,L.010,0.0055
a. Bahan,SNI-G.6.32,LANTAI 2,M.005a,0.04
a. Bahan,SNI-G.6.32,LANTAI 2,M.006,0.4
b. Upah,SNI-G.6.32,LANTAI 2,L.008,0.352
b. Upah,SNI-G.6.32,LANTAI 2,L.002,0.363
b. Upah,SNI-G.6.32,LANTAI 2,L.007,0.0363
b. Upah,SNI-G.6.32,LANTAI 2,L.010,0.0066
a. Bahan,SNI-G.6.32,LANTAI 2,M.005g,0.015
a. Bahan,SNI-G.6.32,LANTAI 2,M.009c,0.35
a. Bahan,SNI-G.6.32,LANTAI 2,M.005s,6
b. Upah,SNI-G.6.46,LANTAI 2,L.010,0.0055
b. Upah,SNI-G.6.46,LANTAI 2,L.003,0.0363
b. Upah,SNI-G.6.46,LANTAI 2,L.007,0.011
b. Upah,SNI-G.6.46,LANTAI 2,L.002,0.0363
b. Upah,SNI-G.6.46,LANTAI 2,L.001,0.0363
b. Upah,SNI-G.6.46,LANTAI 2,L.008,0.11
a. Bahan,SNI-G.6.46,LANTAI 2,M.001g,0.015
a. Bahan,SNI-G.6.46,LANTAI 2,M.001,0.009
a. Bahan,SNI-G.6.46,LANTAI 2,M.002a,5.5
a. Bahan,SNI-G.6.46,LANTAI 2,M.003a,0.05
a. Bahan,SNI-G.6.46,LANTAI 2,M.003,3.6
a. Bahan,SNI-G.6.46,LANTAI 2,M.006,0.02
a. Bahan,SNI-G.6.46,LANTAI 2,M.005a,0.003
b. Upah,SNI-H.6.30,LANTAI 2,L.010,0.011
b. Upah,SNI-H.6.30,LANTAI 2,L.007,0.011
b. Upah,SNI-H.6.30,LANTAI 2,L.002,0.11
b. Upah,SNI-H.6.30,LANTAI 2,L.008,0.22
a. Bahan,SNI-H.6.30,LANTAI 2,M.006,0.03
a. Bahan,SNI-H.6.30,LANTAI 2,M.010j,11
b. Upah,SNI-H.6.34,LANTAI 2,L.010,0.022
b. Upah,SNI-H.6.34,LANTAI 2,L.007,0.022
b. Upah,SNI-H.6.34,LANTAI 2,L.002,0.22
b. Upah,SNI-H.6.34,LANTAI 2,L.008,0.44
a. Bahan,SNI-H.6.34,LANTAI 2,M.002b,1
a. Bahan,SNI-H.6.34,LANTAI 2,M.001a,0.032
a. Bahan,SNI-H.6.34,LANTAI 2,M.002a,10.8
a. Bahan,SNI-H.6.34,LANTAI 2,M.006,0.05
a. Bahan,SNI-H.6.34,LANTAI 2,M.010i,3.5
b. Upah,SNI-I.6.24,LANTAI 2,L.010,0.0055
b. Upah,SNI-I.6.24,LANTAI 2,L.007,0.0055
b. Upah,SNI-I.6.24,LANTAI 2,L.002,0.055
b. Upah,SNI-I.6.24,LANTAI 2,L.008,0.11
a. Bahan,SNI-I.6.24,LANTAI 2,M.006h,0.11
a. Bahan,SNI-I.6.24,LANTAI 2,M.007b,0.364
a. Bahan,SNI-F.6.39a,LANTAI 2,M.005i,0.012
a. Bahan,SNI-F.6.39a,LANTAI 2,M.006,0.1
b. Upah,SNI-F.6.39a,LANTAI 2,L.008,0.165
b. Upah,SNI-F.6.39a,LANTAI 2,L.002,0.275
b. Upah,SNI-F.6.39a,LANTAI 2,L.007,0.0275
b. Upah,SNI-F.6.39a,LANTAI 2,L.010,0.0825
a. Bahan,SNI-L.6.47e,LANTAI 2,M.002a,11.38
a. Bahan,SNI-L.6.47e,LANTAI 2,M.001a,0.042
a. Bahan,SNI-L.6.47e,LANTAI 2,M.002b,1.5
b. Upah,SNI-L.6.47e,LANTAI 2,L.008,0.682
b. Upah,SNI-L.6.47e,LANTAI 2,L.001,0.385
b. Upah,SNI-L.6.47e,LANTAI 2,L.007,0.0385
b. Upah,SNI-L.6.47e,LANTAI 2,L.010,0.033
a. Bahan,SNI-L.6.47e,LANTAI 2,M.004f,12
b. Upah,BOW-K.6+23,LANTAI 2,L.010,0.0068
b. Upah,BOW-K.6+23,LANTAI 2,L.008,0.1375
b. Upah,BOW-K.6+23,LANTAI 2,L.007,0.0207
b. Upah,BOW-K.6+23,LANTAI 2,L.004,0.2062
a. Bahan,BOW-K.6+23,LANTAI 2,M.011b,0.4
a. Bahan,SNI-M.6.14b,LANTAI 2,M.011b,0.36
a. Bahan,SNI-M.6.14b,LANTAI 2,M.012a,0.1
b. Upah,SNI-M.6.14b,LANTAI 2,L.008,0.022
b. Upah,SNI-M.6.14b,LANTAI 2,L.004,0.0693
b. Upah,SNI-M.6.14b,LANTAI 2,L.007,0.0069
b. Upah,SNI-M.6.14b,LANTAI 2,L.010,0.0028
b. Upah,SNI-M.6.8,LANTAI 2,L.010,0.0028
b. Upah,SNI-M.6.8,LANTAI 2,L.007,0.0066
b. Upah,SNI-M.6.8,LANTAI 2,L.004,0.0099
b. Upah,SNI-M.6.8,LANTAI 2,L.008,0.077
a. Bahan,SNI-M.6.8,LANTAI 2,M.011,0.43
a. Bahan,SNI-M.6.8,LANTAI 2,M.012b,0.15
a. Bahan,SNI-M.6.8,LANTAI 2,M.011f,0.2
a. Bahan,SNI-G.6.30,LANTAI 2,M.005s,2
a. Bahan,SNI-G.6.30,LANTAI 2,M.009c,0.35
a. Bahan,SNI-G.6.30,LANTAI 2,M.005g,0.015
b. Upah,SNI-G.6.30,LANTAI 2,L.010,0.0066
b. Upah,SNI-G.6.30,LANTAI 2,L.007,0.0363
b. Upah,SNI-G.6.30,LANTAI 2,L.002,0.363
b. Upah,SNI-G.6.30,LANTAI 2,L.008,0.33
a. Bahan,SNI-G.6.30,LANTAI 2,M.006,0.4
a. Bahan,SNI-G.6.30,LANTAI 2,M.005a,0.04
